epoch,train_loss,lr,top1,top5
1,6.435546,0.009000,3.158000,10.552000
2,5.277439,0.018000,17.890000,38.918000
3,4.587251,0.027000,26.750000,51.412000
4,4.200435,0.036000,30.276000,56.092000
5,3.938993,0.045000,35.214000,60.782000
6,3.737943,0.044100,40.234000,66.344000
7,3.581159,0.043218,43.454000,69.522000
8,3.469762,0.042354,48.824000,74.066000
9,3.395125,0.041507,49.168000,74.664000
10,3.326309,0.040677,51.360000,76.458000
11,3.275121,0.039863,52.768000,77.338000
12,3.227503,0.039066,51.934000,77.208000
13,3.183225,0.038284,53.036000,77.980000
14,3.143395,0.037519,54.416000,78.834000
15,3.125196,0.036768,52.974000,77.922000
16,3.092714,0.036033,55.374000,79.598000
17,3.068750,0.035312,55.852000,79.744000
18,3.051739,0.034606,55.036000,79.140000
19,3.020277,0.033914,54.648000,78.898000
20,3.009347,0.033236,56.472000,80.400000
21,2.991991,0.032571,57.244000,80.806000
22,2.972699,0.031920,56.350000,80.360000
23,2.958562,0.031281,57.862000,81.412000
24,2.940950,0.030656,57.682000,81.478000
25,2.926492,0.030042,59.080000,82.180000
26,2.911374,0.029442,58.804000,82.370000
27,2.896845,0.028853,59.134000,82.486000
28,2.890129,0.028276,58.908000,82.222000
29,2.873897,0.027710,59.984000,82.976000
30,2.864424,0.027156,60.300000,83.080000
31,2.857878,0.026613,60.320000,83.126000
32,2.845404,0.026081,59.796000,82.772000
33,2.831069,0.025559,60.440000,83.228000
34,2.822669,0.025048,60.378000,83.470000
35,2.811572,0.024547,59.864000,82.830000
36,2.803814,0.024056,61.228000,83.924000
37,2.799941,0.023575,60.892000,83.752000
38,2.793180,0.023103,61.506000,84.028000
39,2.781799,0.022641,62.022000,84.644000
40,2.769252,0.022188,61.432000,83.782000
41,2.762101,0.021745,62.328000,84.286000
42,2.752234,0.021310,61.628000,84.164000
43,2.743920,0.020884,62.206000,84.584000
44,2.741379,0.020466,62.524000,84.758000
45,2.737071,0.020057,62.500000,84.584000
46,2.727089,0.019655,61.632000,84.168000
47,2.715977,0.019262,62.004000,84.630000
48,2.712452,0.018877,63.394000,85.316000
49,2.711544,0.018500,63.132000,85.130000
50,2.706051,0.018130,63.818000,85.378000
51,2.690659,0.017767,62.992000,85.018000
52,2.688010,0.017412,63.790000,85.708000
53,2.685281,0.017063,64.064000,85.726000
54,2.673583,0.016722,63.472000,85.358000
55,2.671129,0.016388,63.360000,85.384000
56,2.664826,0.016060,63.494000,85.422000
57,2.663667,0.015739,63.990000,85.778000
58,2.651764,0.015424,64.568000,86.038000
59,2.650600,0.015115,64.376000,85.786000
60,2.643487,0.014813,64.510000,85.976000
61,2.637466,0.014517,64.662000,85.940000
62,2.635224,0.014227,64.628000,86.078000
63,2.631150,0.013942,65.336000,86.524000
64,2.618964,0.013663,64.230000,85.880000
65,2.618021,0.013390,64.666000,86.184000
66,2.612663,0.013122,65.192000,86.498000
67,2.607094,0.012860,64.816000,86.176000
68,2.607958,0.012603,64.382000,86.062000
69,2.601313,0.012350,65.260000,86.288000
70,2.597127,0.012103,65.178000,86.658000
71,2.590325,0.011861,64.442000,85.928000
72,2.587766,0.011624,63.784000,85.454000
73,2.580603,0.011392,65.696000,86.724000
74,2.578977,0.011164,65.738000,86.910000
75,2.570324,0.010941,65.596000,86.862000
76,2.572187,0.010722,65.490000,86.716000
77,2.572557,0.010507,66.306000,87.162000
78,2.562908,0.010297,65.726000,86.808000
79,2.555185,0.010091,66.474000,87.246000
80,2.549453,0.009889,66.370000,87.070000
81,2.550740,0.009692,66.640000,87.434000
82,2.550175,0.009498,66.090000,86.922000
83,2.546708,0.009308,66.288000,87.296000
84,2.536223,0.009122,66.756000,87.448000
85,2.539570,0.008939,66.042000,87.070000
86,2.525959,0.008760,66.748000,87.380000
87,2.529698,0.008585,67.162000,87.628000
88,2.522519,0.008414,66.620000,87.366000
89,2.519062,0.008245,66.782000,87.496000
90,2.511528,0.008080,66.850000,87.532000
91,2.504795,0.007919,67.070000,87.680000
92,2.506850,0.007760,66.720000,87.454000
93,2.505023,0.007605,66.958000,87.478000
94,2.502639,0.007453,67.566000,87.954000
95,2.498548,0.007304,67.190000,87.670000
96,2.495763,0.007158,66.156000,87.158000
97,2.489182,0.007015,67.500000,87.974000
98,2.488360,0.006874,67.722000,88.010000
99,2.481358,0.006737,67.750000,88.170000
100,2.479492,0.006602,67.744000,88.088000
101,2.479218,0.006470,67.586000,87.932000
102,2.471071,0.006341,67.946000,88.170000
103,2.466445,0.006214,68.144000,88.326000
104,2.465923,0.006090,68.400000,88.374000
105,2.462934,0.005968,67.450000,87.952000
106,2.458079,0.005849,67.842000,88.090000
107,2.455882,0.005732,67.512000,87.826000
108,2.456654,0.005617,68.196000,88.370000
109,2.454046,0.005505,67.782000,88.134000
110,2.449983,0.005395,68.194000,88.394000
111,2.445928,0.005287,68.144000,88.322000
112,2.448827,0.005181,68.402000,88.574000
113,2.441712,0.005077,68.402000,88.556000
114,2.432288,0.004976,68.496000,88.510000
115,2.437000,0.004876,67.880000,88.214000
116,2.432488,0.004779,67.918000,88.238000
117,2.427534,0.004683,68.520000,88.434000
118,2.425339,0.004589,68.528000,88.644000
119,2.423369,0.004498,68.664000,88.632000
120,2.419450,0.004408,68.532000,88.558000
121,2.416635,0.004320,68.454000,88.542000
122,2.419706,0.004233,68.706000,88.554000
123,2.410324,0.004149,68.350000,88.552000
124,2.407494,0.004066,68.868000,88.762000
125,2.408198,0.003984,68.996000,88.664000
126,2.406392,0.003905,68.992000,88.808000
127,2.403972,0.003826,69.186000,88.906000
128,2.396821,0.003750,69.106000,88.984000
129,2.393097,0.003675,69.016000,88.838000
130,2.392487,0.003601,69.402000,89.000000
131,2.390912,0.003529,69.210000,88.914000
132,2.389904,0.003459,69.370000,88.980000
133,2.391219,0.003390,69.474000,89.052000
134,2.387443,0.003322,69.400000,89.128000
135,2.384203,0.003255,69.060000,89.010000
136,2.381636,0.003190,69.482000,89.254000
137,2.374130,0.003126,69.426000,89.126000
138,2.383902,0.003064,69.666000,89.298000
139,2.380014,0.003003,69.456000,89.048000
140,2.370729,0.002943,69.736000,89.244000
141,2.366346,0.002884,69.492000,89.310000
142,2.371921,0.002826,69.768000,89.160000
143,2.364120,0.002770,69.582000,89.134000
144,2.365998,0.002714,69.586000,89.220000
145,2.361758,0.002660,69.710000,89.290000
146,2.357099,0.002607,69.642000,89.306000
147,2.362054,0.002555,69.996000,89.316000
148,2.358282,0.002503,70.064000,89.432000
149,2.351075,0.002453,69.942000,89.224000
150,2.351115,0.002404,69.968000,89.434000
151,2.348317,0.002356,69.838000,89.418000
152,2.343240,0.002309,69.484000,89.098000
153,2.343460,0.002263,69.766000,89.168000
154,2.342334,0.002218,70.312000,89.516000
155,2.340657,0.002173,70.370000,89.542000
156,2.338473,0.002130,70.094000,89.444000
157,2.335123,0.002087,70.174000,89.350000
158,2.335235,0.002046,70.160000,89.500000
159,2.335318,0.002005,70.430000,89.592000
160,2.333344,0.001965,70.442000,89.654000
161,2.329806,0.001925,70.504000,89.648000
162,2.327570,0.001887,70.152000,89.492000
163,2.323888,0.001849,70.146000,89.486000
164,2.322279,0.001812,70.448000,89.536000
165,2.325466,0.001776,69.826000,89.412000
166,2.324931,0.001740,70.104000,89.454000
167,2.322744,0.001705,70.430000,89.692000
168,2.315753,0.001671,70.266000,89.542000
169,2.315222,0.001638,70.524000,89.708000
170,2.318691,0.001605,70.402000,89.652000
171,2.315942,0.001573,70.542000,89.724000
172,2.308711,0.001542,70.534000,89.818000
173,2.308617,0.001511,70.526000,89.602000
174,2.310753,0.001481,70.492000,89.746000
175,2.306868,0.001451,70.824000,89.834000
176,2.308086,0.001422,70.570000,89.828000
177,2.306970,0.001393,70.672000,89.702000
178,2.305710,0.001366,70.556000,89.828000
179,2.298446,0.001338,70.654000,89.906000
180,2.296600,0.001312,70.476000,89.908000
181,2.297288,0.001285,70.678000,89.890000
182,2.297860,0.001260,70.762000,89.878000
183,2.298725,0.001234,70.794000,89.788000
184,2.292527,0.001210,70.914000,89.888000
185,2.294145,0.001186,70.860000,89.798000
186,2.294153,0.001162,70.914000,90.024000
187,2.288031,0.001139,70.976000,89.888000
188,2.288491,0.001116,70.936000,89.916000
189,2.285850,0.001093,71.092000,89.886000
190,2.285215,0.001072,70.800000,89.818000
191,2.285631,0.001050,71.054000,90.046000
192,2.284273,0.001029,70.816000,89.852000
193,2.281434,0.001009,71.160000,89.988000
194,2.275688,0.000988,71.300000,90.066000
195,2.282695,0.000969,71.100000,89.906000
196,2.273577,0.000949,71.054000,90.006000
197,2.277045,0.000930,71.024000,90.008000
198,2.275178,0.000912,70.992000,90.148000
199,2.270774,0.000893,71.126000,90.038000
200,2.280321,0.000876,70.946000,89.968000
201,2.274060,0.000858,71.076000,89.996000
202,2.269912,0.000841,71.166000,90.156000
203,2.270488,0.000824,71.066000,90.036000
204,2.267627,0.000808,71.130000,90.088000
205,2.262605,0.000791,71.178000,90.026000
206,2.268823,0.000776,71.266000,90.006000
207,2.266865,0.000760,71.170000,90.012000
208,2.262200,0.000745,71.290000,90.048000
209,2.267063,0.000730,71.228000,90.064000
210,2.269307,0.000715,71.328000,90.186000
211,2.258967,0.000701,71.318000,90.042000
212,2.264967,0.000687,71.200000,90.100000
213,2.262313,0.000673,71.460000,90.160000
214,2.260956,0.000660,71.554000,90.206000
215,2.257960,0.000647,71.180000,90.056000
216,2.263291,0.000634,71.284000,90.074000
217,2.255568,0.000621,71.410000,90.104000
218,2.260189,0.000609,71.558000,90.132000
219,2.259998,0.000596,71.494000,90.118000
220,2.257147,0.000585,71.430000,90.078000
221,2.254649,0.000573,71.492000,90.138000
222,2.256865,0.000561,71.516000,90.244000
223,2.255259,0.000550,71.432000,90.114000
224,2.251593,0.000539,71.452000,90.114000
225,2.252865,0.000528,71.420000,90.182000
226,2.247252,0.000518,71.252000,90.054000
227,2.255096,0.000507,71.506000,90.114000
228,2.245197,0.000497,71.606000,90.268000
229,2.247473,0.000487,71.356000,90.144000
230,2.238810,0.000478,71.384000,90.198000
231,2.250569,0.000468,71.518000,90.232000
232,2.248588,0.000459,71.562000,90.210000
233,2.243670,0.000450,71.568000,90.262000
234,2.244055,0.000441,71.528000,90.174000
235,2.241997,0.000432,71.520000,90.248000
236,2.238935,0.000423,71.520000,90.218000
237,2.241443,0.000415,71.606000,90.270000
238,2.244057,0.000406,71.654000,90.172000
239,2.241009,0.000398,71.604000,90.264000
240,2.238558,0.000390,71.672000,90.300000
241,2.235372,0.000382,71.514000,90.202000
242,2.234490,0.000375,71.560000,90.252000
243,2.230978,0.000367,71.534000,90.218000
244,2.236815,0.000360,71.592000,90.240000
245,2.234529,0.000353,71.626000,90.302000
246,2.233604,0.000346,71.628000,90.310000
247,2.235305,0.000339,71.690000,90.254000
248,2.235429,0.000332,71.602000,90.282000
249,2.232278,0.000325,71.732000,90.242000
250,2.231296,0.000319,71.698000,90.312000
251,2.229918,0.000312,71.658000,90.282000
252,2.225842,0.000306,71.632000,90.290000
253,2.234025,0.000300,71.684000,90.362000
254,2.225705,0.000294,71.590000,90.306000
255,2.227647,0.000288,71.668000,90.316000
256,2.233670,0.000282,71.610000,90.342000
257,2.226035,0.000277,71.686000,90.324000
258,2.230065,0.000271,71.748000,90.376000
259,2.229800,0.000266,71.692000,90.318000
260,2.229061,0.000261,71.672000,90.368000
261,2.229107,0.000255,71.784000,90.430000
262,2.228153,0.000250,71.716000,90.352000
263,2.225206,0.000245,71.730000,90.370000
264,2.226097,0.000240,71.722000,90.336000
265,2.226311,0.000236,71.690000,90.284000
266,2.226258,0.000231,71.844000,90.402000
267,2.222450,0.000226,71.796000,90.434000
268,2.223545,0.000222,71.878000,90.372000
269,2.226002,0.000217,71.730000,90.472000
270,2.226890,0.000213,71.752000,90.364000
271,2.223971,0.000209,71.870000,90.358000
272,2.225557,0.000204,71.858000,90.434000
273,2.221807,0.000200,71.784000,90.456000
274,2.222761,0.000196,71.808000,90.408000
275,2.223301,0.000192,71.750000,90.408000
276,2.225885,0.000189,71.802000,90.428000
277,2.222873,0.000185,71.832000,90.374000
278,2.217997,0.000181,71.742000,90.404000
279,2.216438,0.000177,71.762000,90.380000
280,2.219173,0.000174,71.772000,90.362000
281,2.217331,0.000170,71.848000,90.404000
282,2.218973,0.000167,71.824000,90.424000
283,2.217268,0.000164,71.848000,90.406000
284,2.219723,0.000160,71.824000,90.434000
285,2.215901,0.000157,71.806000,90.408000
286,2.219118,0.000154,71.918000,90.398000
287,2.218329,0.000151,71.846000,90.436000
288,2.217486,0.000148,71.974000,90.422000
289,2.216826,0.000145,71.810000,90.364000
290,2.218175,0.000142,71.890000,90.432000
291,2.212953,0.000139,71.824000,90.408000
292,2.217405,0.000136,71.890000,90.406000
293,2.211653,0.000134,71.730000,90.408000
294,2.215899,0.000131,71.870000,90.438000
295,2.214174,0.000128,71.744000,90.460000
296,2.212428,0.000126,71.866000,90.444000
297,2.216945,0.000123,71.910000,90.444000
298,2.216673,0.000121,71.956000,90.442000
299,2.221408,0.000118,71.852000,90.388000
300,2.210664,0.000116,71.842000,90.386000
301,2.212779,0.000114,71.962000,90.382000
302,2.212336,0.000112,71.896000,90.366000
303,2.214730,0.000109,71.868000,90.370000
304,2.211471,0.000107,71.856000,90.368000
305,2.209902,0.000105,71.820000,90.374000
306,2.209224,0.000103,71.868000,90.394000
307,2.216196,0.000101,71.788000,90.354000
308,2.211334,0.000099,71.976000,90.454000
309,2.213279,0.000097,71.906000,90.376000
310,2.215902,0.000095,71.932000,90.474000
311,2.210198,0.000093,71.838000,90.416000
312,2.207155,0.000091,71.970000,90.424000
313,2.214993,0.000089,71.862000,90.480000
314,2.213422,0.000088,71.854000,90.426000
315,2.207343,0.000086,71.982000,90.406000
316,2.216666,0.000084,71.990000,90.414000
317,2.209748,0.000082,71.880000,90.416000
318,2.216531,0.000081,71.894000,90.412000
319,2.210328,0.000079,71.932000,90.454000
320,2.205681,0.000078,71.942000,90.456000
321,2.208641,0.000076,71.910000,90.468000
322,2.211744,0.000074,71.896000,90.482000
323,2.208480,0.000073,71.936000,90.520000
324,2.208204,0.000072,71.930000,90.422000
325,2.209658,0.000070,71.924000,90.450000
326,2.207405,0.000069,71.980000,90.418000
327,2.209663,0.000067,71.952000,90.472000
328,2.205743,0.000066,71.912000,90.438000
329,2.210207,0.000065,71.964000,90.426000
330,2.209139,0.000063,71.866000,90.488000
331,2.205213,0.000062,71.942000,90.484000
332,2.207238,0.000061,71.938000,90.490000
333,2.211894,0.000060,71.878000,90.456000
334,2.208664,0.000058,71.918000,90.450000
335,2.205271,0.000057,71.892000,90.442000
336,2.208868,0.000056,71.900000,90.488000
337,2.207041,0.000055,71.886000,90.422000
338,2.207608,0.000054,71.900000,90.468000
339,2.206592,0.000053,71.910000,90.440000
340,2.206470,0.000052,71.932000,90.428000
341,2.208911,0.000051,72.010000,90.490000
342,2.208871,0.000050,71.970000,90.444000
343,2.205263,0.000049,71.948000,90.464000
344,2.207535,0.000048,71.886000,90.446000
345,2.212024,0.000047,71.934000,90.492000
346,2.204207,0.000046,72.024000,90.472000
347,2.206778,0.000045,71.952000,90.532000
348,2.205041,0.000044,71.912000,90.472000
349,2.209457,0.000043,71.930000,90.446000
350,2.202494,0.000042,71.912000,90.520000
