updates,hands,exact,agreement
1000,1459,-0.0855,157
2000,2191,-0.0801,159
3000,2879,-0.0764,157
4000,3601,-0.0712,166
5000,4344,-0.0738,164
6000,5060,-0.0737,164
7000,5769,-0.0733,166
8000,6470,-0.0693,165
9000,7185,-0.0735,167
10000,7895,-0.0660,167
11000,8595,-0.0631,172
12000,9286,-0.0703,167
13000,9980,-0.0601,169
14000,10667,-0.0682,169
15000,11361,-0.0632,172
16000,12017,-0.0581,175
17000,12686,-0.0636,169
18000,13362,-0.0556,177
19000,14047,-0.0627,169
20000,14730,-0.0571,175
21000,15384,-0.0596,178
22000,16042,-0.0608,173
23000,16711,-0.0596,176
24000,17389,-0.0625,173
25000,18067,-0.0630,178
26000,18719,-0.0606,175
27000,19393,-0.0619,175
28000,20049,-0.0582,178
29000,20719,-0.0677,171
30000,21427,-0.0651,175
31000,22083,-0.0656,174
32000,22754,-0.0644,178
33000,23433,-0.0640,175
34000,24065,-0.0543,177
35000,24733,-0.0578,182
36000,25407,-0.0574,180
37000,26083,-0.0618,176
38000,26773,-0.0579,178
39000,27453,-0.0550,177
40000,28103,-0.0532,177
41000,28783,-0.0651,175
42000,29454,-0.0617,177
43000,30094,-0.0602,182
44000,30753,-0.0532,175
45000,31405,-0.0534,180
46000,32052,-0.0567,176
47000,32699,-0.0543,179
48000,33364,-0.0566,176
49000,34011,-0.0572,176
50000,34669,-0.0554,179
51000,35319,-0.0543,178
52000,35962,-0.0562,173
53000,36618,-0.0543,174
54000,37260,-0.0539,177
55000,37939,-0.0537,177
56000,38602,-0.0542,174
57000,39276,-0.0547,173
58000,39937,-0.0544,176
59000,40604,-0.0552,176
60000,41247,-0.0570,181
61000,41901,-0.0547,176
62000,42556,-0.0519,177
63000,43191,-0.0570,177
64000,43833,-0.0553,177
65000,44471,-0.0545,176
66000,45122,-0.0554,179
67000,45800,-0.0535,177
68000,46451,-0.0524,180
69000,47106,-0.0542,179
70000,47747,-0.0527,179
71000,48395,-0.0508,183
72000,49046,-0.0511,182
73000,49721,-0.0562,181
74000,50369,-0.0532,181
75000,51008,-0.0542,178
76000,51642,-0.0513,182
77000,52275,-0.0533,183
78000,52932,-0.0509,182
79000,53584,-0.0513,181
80000,54199,-0.0527,183
81000,54859,-0.0552,182
82000,55510,-0.0527,185
83000,56131,-0.0489,186
84000,56773,-0.0495,183
85000,57425,-0.0508,183
86000,58082,-0.0503,184
87000,58735,-0.0534,181
88000,59377,-0.0541,179
89000,60026,-0.0506,186
90000,60679,-0.0575,183
91000,61332,-0.0550,178
92000,61972,-0.0561,178
93000,62638,-0.0585,175
94000,63271,-0.0574,176
95000,63881,-0.0656,175
96000,64519,-0.0707,178
97000,65162,-0.0672,178
98000,65810,-0.0618,179
99000,66442,-0.0613,179
100000,67128,-0.0550,180
101000,67789,-0.0585,182
102000,68432,-0.0526,182
103000,69086,-0.0569,179
104000,69731,-0.0626,180
105000,70352,-0.0636,178
106000,71015,-0.0608,178
107000,71657,-0.0601,180
108000,72322,-0.0672,181
109000,72970,-0.0615,179
110000,73611,-0.0682,177
111000,74272,-0.0658,178
112000,74945,-0.0642,177
113000,75605,-0.0570,179
114000,76241,-0.0590,177
115000,76886,-0.0570,180
116000,77532,-0.0549,182
117000,78172,-0.0550,179
118000,78825,-0.0543,182
119000,79482,-0.0521,185
120000,80138,-0.0495,185
121000,80792,-0.0603,181
122000,81471,-0.0536,185
123000,82134,-0.0554,183
124000,82780,-0.0552,183
125000,83440,-0.0511,185
126000,84079,-0.0527,186
127000,84738,-0.0507,186
128000,85376,-0.0525,184
129000,86024,-0.0497,188
130000,86689,-0.0561,184
131000,87345,-0.0549,183
132000,88003,-0.0493,189
133000,88636,-0.0510,186
134000,89276,-0.0514,185
135000,89934,-0.0594,188
136000,90595,-0.0542,186
137000,91236,-0.0620,181
138000,91872,-0.0544,186
139000,92525,-0.0532,185
140000,93175,-0.0593,184
141000,93825,-0.0498,188
142000,94492,-0.0554,186
143000,95147,-0.0489,192
144000,95811,-0.0558,191
145000,96445,-0.0510,192
146000,97108,-0.0590,186
147000,97741,-0.0534,189
148000,98401,-0.0509,193
149000,99059,-0.0498,191
150000,99688,-0.0505,188
151000,100343,-0.0518,187
152000,100998,-0.0493,191
153000,101659,-0.0495,191
154000,102312,-0.0498,192
155000,102963,-0.0495,193
156000,103615,-0.0508,192
157000,104286,-0.0471,193
158000,104932,-0.0483,193
159000,105590,-0.0484,193
160000,106266,-0.0552,192
161000,106921,-0.0490,191
162000,107580,-0.0512,188
163000,108238,-0.0518,186
164000,108899,-0.0516,188
165000,109560,-0.0508,189
166000,110227,-0.0494,188
167000,110887,-0.0509,186
168000,111590,-0.0491,190
169000,112256,-0.0535,189
170000,112923,-0.0473,191
171000,113581,-0.0517,187
172000,114236,-0.0515,188
173000,114892,-0.0523,187
174000,115555,-0.0501,189
175000,116212,-0.0527,187
176000,116864,-0.0499,189
177000,117493,-0.0495,191
178000,118138,-0.0511,190
179000,118777,-0.0508,191
180000,119436,-0.0490,192
181000,120092,-0.0482,190
182000,120746,-0.0610,188
183000,121382,-0.0490,191
184000,122025,-0.0486,190
185000,122687,-0.0524,187
186000,123336,-0.0477,190
187000,123975,-0.0475,191
188000,124633,-0.0498,190
189000,125290,-0.0490,189
190000,125925,-0.0494,188
191000,126574,-0.0499,188
192000,127218,-0.0493,189
193000,127854,-0.0496,188
194000,128496,-0.0493,189
195000,129155,-0.0496,188
196000,129789,-0.0496,188
197000,130416,-0.0496,188
198000,131052,-0.0508,186
199000,131706,-0.0487,186
200000,132345,-0.0503,187
