hands,exact,agreement
1000,-0.1167,133
2000,-0.0810,153
3000,-0.0699,165
4000,-0.0744,164
5000,-0.0643,169
6000,-0.0581,172
7000,-0.0561,174
8000,-0.0566,175
9000,-0.0546,178
10000,-0.0585,176
11000,-0.0552,179
12000,-0.0551,180
13000,-0.0554,179
14000,-0.0532,181
15000,-0.0534,180
16000,-0.0545,179
17000,-0.0551,177
18000,-0.0581,175
19000,-0.0561,178
20000,-0.0556,180
21000,-0.0555,179
22000,-0.0546,177
23000,-0.0543,179
24000,-0.0541,179
25000,-0.0543,179
26000,-0.0533,183
27000,-0.0525,183
28000,-0.0537,181
29000,-0.0537,182
30000,-0.0519,183
31000,-0.0540,182
32000,-0.0545,182
33000,-0.0545,182
34000,-0.0537,182
35000,-0.0550,180
36000,-0.0540,181
37000,-0.0537,181
38000,-0.0537,181
39000,-0.0540,180
40000,-0.0528,182
41000,-0.0538,180
42000,-0.0527,183
43000,-0.0536,182
44000,-0.0536,182
45000,-0.0536,183
46000,-0.0537,182
47000,-0.0537,182
48000,-0.0540,181
49000,-0.0542,182
50000,-0.0553,181
51000,-0.0528,183
52000,-0.0527,184
53000,-0.0529,183
54000,-0.0529,183
55000,-0.0529,182
56000,-0.0527,183
57000,-0.0531,182
58000,-0.0527,183
59000,-0.0527,183
60000,-0.0532,181
61000,-0.0532,181
62000,-0.0529,182
63000,-0.0529,182
64000,-0.0529,182
65000,-0.0529,182
66000,-0.0529,182
67000,-0.0533,182
68000,-0.0515,183
69000,-0.0516,182
70000,-0.0520,181
71000,-0.0516,182
72000,-0.0516,182
73000,-0.0511,183
74000,-0.0511,183
75000,-0.0511,183
76000,-0.0511,183
77000,-0.0511,183
78000,-0.0511,183
79000,-0.0511,183
80000,-0.0551,183
81000,-0.0509,184
82000,-0.0509,184
83000,-0.0509,184
84000,-0.0509,184
85000,-0.0496,185
86000,-0.0509,184
87000,-0.0509,184
88000,-0.0509,184
89000,-0.0507,185
90000,-0.0509,184
91000,-0.0510,184
92000,-0.0510,184
93000,-0.0510,184
94000,-0.0503,185
95000,-0.0502,186
96000,-0.0546,184
97000,-0.0503,185
98000,-0.0503,185
99000,-0.0503,185
100000,-0.0494,185
101000,-0.0506,184
102000,-0.0506,184
103000,-0.0506,184
104000,-0.0506,184
105000,-0.0503,185
106000,-0.0503,185
107000,-0.0503,185
108000,-0.0507,184
109000,-0.0507,184
110000,-0.0507,184
111000,-0.0491,185
112000,-0.0487,186
113000,-0.0487,186
114000,-0.0506,185
115000,-0.0502,186
116000,-0.0502,186
117000,-0.0499,187
118000,-0.0485,188
119000,-0.0501,187
120000,-0.0484,188
121000,-0.0499,187
122000,-0.0484,188
123000,-0.0484,188
124000,-0.0465,189
125000,-0.0461,189
126000,-0.0474,187
127000,-0.0474,187
128000,-0.0465,188
129000,-0.0471,188
130000,-0.0471,188
131000,-0.0470,188
132000,-0.0467,189
133000,-0.0461,189
134000,-0.0461,189
135000,-0.0461,189
136000,-0.0460,189
137000,-0.0460,189
138000,-0.0460,189
139000,-0.0460,189
140000,-0.0458,189
141000,-0.0473,188
142000,-0.0458,189
143000,-0.0458,189
144000,-0.0458,189
145000,-0.0458,189
146000,-0.0458,189
147000,-0.0458,189
148000,-0.0458,189
149000,-0.0458,189
150000,-0.0458,189
151000,-0.0458,189
152000,-0.0458,189
153000,-0.0458,189
154000,-0.0459,189
155000,-0.0459,189
156000,-0.0459,189
157000,-0.0459,189
158000,-0.0459,189
159000,-0.0459,189
160000,-0.0458,189
161000,-0.0458,189
162000,-0.0458,189
163000,-0.0458,189
164000,-0.0458,189
165000,-0.0459,189
166000,-0.0459,189
167000,-0.0459,190
168000,-0.0459,189
169000,-0.0464,188
170000,-0.0464,188
171000,-0.0458,189
172000,-0.0464,188
173000,-0.0458,189
174000,-0.0458,189
175000,-0.0460,188
176000,-0.0460,188
177000,-0.0460,188
178000,-0.0457,189
179000,-0.0457,189
180000,-0.0460,188
181000,-0.0462,187
182000,-0.0462,187
183000,-0.0467,186
184000,-0.0467,186
185000,-0.0473,185
186000,-0.0465,187
187000,-0.0460,189
188000,-0.0460,189
189000,-0.0463,188
190000,-0.0460,189
191000,-0.0460,189
192000,-0.0460,189
193000,-0.0460,189
194000,-0.0456,190
195000,-0.0456,190
196000,-0.0456,190
197000,-0.0457,190
198000,-0.0460,189
199000,-0.0460,189
200000,-0.0460,189
201000,-0.0460,189
202000,-0.0459,190
203000,-0.0460,189
204000,-0.0464,188
205000,-0.0460,189
206000,-0.0459,189
207000,-0.0459,189
208000,-0.0462,188
209000,-0.0459,189
210000,-0.0459,189
211000,-0.0460,189
212000,-0.0460,189
213000,-0.0460,189
214000,-0.0460,189
215000,-0.0449,190
216000,-0.0447,190
217000,-0.0447,190
218000,-0.0447,190
219000,-0.0447,190
220000,-0.0447,190
221000,-0.0447,190
222000,-0.0449,191
223000,-0.0447,191
224000,-0.0443,191
225000,-0.0443,191
226000,-0.0443,191
227000,-0.0443,191
228000,-0.0443,191
229000,-0.0443,191
230000,-0.0443,191
231000,-0.0443,191
232000,-0.0443,191
233000,-0.0445,191
234000,-0.0445,191
235000,-0.0445,191
236000,-0.0445,191
237000,-0.0443,191
238000,-0.0443,191
239000,-0.0443,191
240000,-0.0443,191
241000,-0.0443,191
242000,-0.0443,191
243000,-0.0443,191
244000,-0.0443,191
245000,-0.0445,190
246000,-0.0445,190
247000,-0.0445,190
248000,-0.0445,190
249000,-0.0445,190
250000,-0.0445,190
251000,-0.0443,191
252000,-0.0443,191
253000,-0.0445,191
254000,-0.0445,191
255000,-0.0449,191
256000,-0.0449,191
257000,-0.0449,191
258000,-0.0445,191
259000,-0.0445,191
260000,-0.0445,191
261000,-0.0445,191
262000,-0.0445,191
263000,-0.0443,191
264000,-0.0443,191
265000,-0.0443,191
266000,-0.0443,191
267000,-0.0443,191
268000,-0.0443,191
269000,-0.0443,191
270000,-0.0443,191
271000,-0.0443,191
272000,-0.0443,191
273000,-0.0443,191
274000,-0.0443,191
275000,-0.0443,191
276000,-0.0443,191
277000,-0.0443,191
278000,-0.0443,191
279000,-0.0443,191
280000,-0.0443,191
281000,-0.0443,191
282000,-0.0443,191
283000,-0.0443,191
284000,-0.0443,191
285000,-0.0443,191
286000,-0.0443,191
287000,-0.0443,191
288000,-0.0443,191
289000,-0.0443,191
290000,-0.0443,191
291000,-0.0443,191
292000,-0.0443,191
293000,-0.0445,190
294000,-0.0446,190
295000,-0.0443,191
296000,-0.0443,191
297000,-0.0443,191
298000,-0.0443,191
299000,-0.0443,191
300000,-0.0443,191
301000,-0.0443,191
302000,-0.0443,191
303000,-0.0443,191
304000,-0.0443,191
305000,-0.0443,191
306000,-0.0443,191
307000,-0.0443,191
308000,-0.0443,191
309000,-0.0443,191
310000,-0.0443,191
311000,-0.0443,191
312000,-0.0443,191
313000,-0.0443,191
314000,-0.0443,191
315000,-0.0443,191
316000,-0.0443,191
317000,-0.0443,191
318000,-0.0443,191
319000,-0.0443,191
320000,-0.0443,191
321000,-0.0443,191
322000,-0.0443,191
323000,-0.0443,191
324000,-0.0443,191
325000,-0.0443,191
326000,-0.0443,191
327000,-0.0443,191
328000,-0.0443,191
329000,-0.0443,191
330000,-0.0443,191
331000,-0.0447,190
332000,-0.0442,192
333000,-0.0443,191
334000,-0.0443,191
335000,-0.0443,191
336000,-0.0443,191
337000,-0.0443,191
338000,-0.0443,191
339000,-0.0443,191
340000,-0.0443,191
341000,-0.0443,191
342000,-0.0443,191
343000,-0.0443,191
344000,-0.0443,191
345000,-0.0443,191
346000,-0.0443,191
347000,-0.0443,191
348000,-0.0443,191
349000,-0.0443,191
350000,-0.0446,190
351000,-0.0449,190
352000,-0.0443,191
353000,-0.0443,191
354000,-0.0443,191
355000,-0.0443,191
356000,-0.0443,191
357000,-0.0443,191
358000,-0.0443,191
359000,-0.0443,191
360000,-0.0443,191
361000,-0.0443,191
362000,-0.0443,191
363000,-0.0443,191
364000,-0.0443,191
365000,-0.0443,191
366000,-0.0443,191
367000,-0.0443,191
368000,-0.0443,191
369000,-0.0443,191
370000,-0.0443,191
371000,-0.0443,191
372000,-0.0443,191
373000,-0.0443,191
374000,-0.0443,191
375000,-0.0443,191
376000,-0.0443,191
377000,-0.0443,191
378000,-0.0443,191
379000,-0.0443,191
380000,-0.0443,191
381000,-0.0446,190
382000,-0.0446,190
383000,-0.0446,190
384000,-0.0446,190
385000,-0.0450,190
386000,-0.0443,191
387000,-0.0443,191
388000,-0.0443,191
389000,-0.0443,191
390000,-0.0443,191
391000,-0.0443,191
392000,-0.0443,191
393000,-0.0443,191
394000,-0.0443,191
395000,-0.0443,191
396000,-0.0443,191
397000,-0.0443,191
398000,-0.0443,191
399000,-0.0443,191
400000,-0.0443,191
401000,-0.0443,191
402000,-0.0443,191
403000,-0.0443,191
404000,-0.0443,191
405000,-0.0443,191
406000,-0.0443,191
407000,-0.0444,190
408000,-0.0443,191
409000,-0.0443,191
410000,-0.0443,191
411000,-0.0443,191
412000,-0.0443,191
413000,-0.0443,191
414000,-0.0443,191
415000,-0.0443,191
416000,-0.0443,191
417000,-0.0443,191
418000,-0.0443,191
419000,-0.0443,191
420000,-0.0443,191
421000,-0.0443,191
422000,-0.0443,191
423000,-0.0443,191
424000,-0.0443,191
425000,-0.0443,191
426000,-0.0443,191
427000,-0.0443,191
428000,-0.0443,191
429000,-0.0443,191
430000,-0.0443,191
431000,-0.0443,191
432000,-0.0443,191
433000,-0.0443,191
434000,-0.0443,191
435000,-0.0443,191
436000,-0.0443,191
437000,-0.0443,191
438000,-0.0443,191
439000,-0.0443,191
440000,-0.0443,191
441000,-0.0443,191
442000,-0.0443,191
443000,-0.0444,191
444000,-0.0443,191
445000,-0.0443,191
446000,-0.0443,191
447000,-0.0443,191
448000,-0.0443,191
449000,-0.0443,191
450000,-0.0443,191
451000,-0.0443,191
452000,-0.0443,191
453000,-0.0444,191
454000,-0.0444,191
455000,-0.0444,191
456000,-0.0444,191
457000,-0.0444,191
458000,-0.0444,191
459000,-0.0444,191
460000,-0.0444,191
461000,-0.0444,191
462000,-0.0444,191
463000,-0.0444,191
464000,-0.0444,191
465000,-0.0444,191
466000,-0.0444,191
467000,-0.0444,191
468000,-0.0444,191
469000,-0.0444,191
470000,-0.0446,191
471000,-0.0444,191
472000,-0.0444,191
473000,-0.0444,191
474000,-0.0444,191
475000,-0.0444,191
476000,-0.0444,191
477000,-0.0444,191
478000,-0.0444,191
479000,-0.0444,191
480000,-0.0444,191
481000,-0.0444,191
482000,-0.0444,191
483000,-0.0444,191
484000,-0.0444,191
485000,-0.0444,191
486000,-0.0444,191
487000,-0.0444,191
488000,-0.0444,191
489000,-0.0444,191
490000,-0.0444,191
491000,-0.0443,191
492000,-0.0443,191
493000,-0.0443,192
494000,-0.0443,191
495000,-0.0443,191
496000,-0.0443,191
497000,-0.0443,191
498000,-0.0443,191
499000,-0.0443,191
500000,-0.0443,191
501000,-0.0443,191
502000,-0.0443,191
503000,-0.0443,191
504000,-0.0443,191
505000,-0.0443,191
506000,-0.0443,190
507000,-0.0444,190
508000,-0.0444,190
509000,-0.0444,190
510000,-0.0444,190
511000,-0.0443,191
512000,-0.0445,191
513000,-0.0443,191
514000,-0.0443,191
515000,-0.0443,191
516000,-0.0443,191
517000,-0.0443,191
518000,-0.0443,191
519000,-0.0443,191
520000,-0.0443,191
521000,-0.0443,191
522000,-0.0443,191
523000,-0.0443,191
524000,-0.0443,191
525000,-0.0443,191
526000,-0.0444,190
527000,-0.0444,190
528000,-0.0443,191
529000,-0.0444,190
530000,-0.0444,190
531000,-0.0443,191
532000,-0.0443,191
533000,-0.0440,192
534000,-0.0443,191
535000,-0.0443,191
536000,-0.0442,192
537000,-0.0442,192
538000,-0.0442,192
539000,-0.0442,192
540000,-0.0442,192
541000,-0.0442,192
542000,-0.0442,192
543000,-0.0442,192
544000,-0.0443,191
545000,-0.0443,191
546000,-0.0443,191
547000,-0.0443,191
548000,-0.0443,191
549000,-0.0443,191
550000,-0.0443,191
551000,-0.0443,191
552000,-0.0443,191
553000,-0.0443,191
554000,-0.0443,191
555000,-0.0443,191
556000,-0.0443,191
557000,-0.0443,191
558000,-0.0443,191
559000,-0.0443,191
560000,-0.0445,191
561000,-0.0443,190
562000,-0.0443,190
563000,-0.0443,190
564000,-0.0443,190
565000,-0.0443,190
566000,-0.0443,190
567000,-0.0443,190
568000,-0.0443,190
569000,-0.0443,191
570000,-0.0443,191
571000,-0.0443,191
572000,-0.0440,192
573000,-0.0443,191
574000,-0.0443,191
575000,-0.0445,191
576000,-0.0445,191
577000,-0.0443,190
578000,-0.0441,191
579000,-0.0441,191
580000,-0.0441,191
581000,-0.0441,191
582000,-0.0441,191
583000,-0.0441,191
584000,-0.0441,191
585000,-0.0441,191
586000,-0.0441,191
587000,-0.0440,192
588000,-0.0440,192
589000,-0.0441,191
590000,-0.0441,191
591000,-0.0441,191
592000,-0.0441,191
593000,-0.0441,191
594000,-0.0441,191
595000,-0.0441,191
596000,-0.0441,191
597000,-0.0441,191
598000,-0.0441,191
599000,-0.0441,191
600000,-0.0441,191
601000,-0.0441,191
602000,-0.0441,191
603000,-0.0440,192
604000,-0.0441,191
605000,-0.0441,191
606000,-0.0441,191
607000,-0.0441,191
608000,-0.0441,191
609000,-0.0441,191
610000,-0.0441,191
611000,-0.0441,191
612000,-0.0441,191
613000,-0.0441,191
614000,-0.0441,191
615000,-0.0441,191
616000,-0.0441,191
617000,-0.0441,191
618000,-0.0441,191
619000,-0.0441,191
620000,-0.0441,191
621000,-0.0441,191
622000,-0.0441,191
623000,-0.0441,191
624000,-0.0441,191
625000,-0.0441,191
626000,-0.0441,191
627000,-0.0441,191
628000,-0.0441,191
629000,-0.0441,191
630000,-0.0441,191
631000,-0.0441,191
632000,-0.0441,191
633000,-0.0441,191
634000,-0.0441,191
635000,-0.0441,191
636000,-0.0441,191
637000,-0.0441,191
638000,-0.0441,191
639000,-0.0441,191
640000,-0.0441,191
641000,-0.0441,191
642000,-0.0441,191
643000,-0.0441,191
644000,-0.0441,191
645000,-0.0441,191
646000,-0.0441,191
647000,-0.0441,191
648000,-0.0441,191
649000,-0.0441,191
650000,-0.0441,191
651000,-0.0440,192
652000,-0.0440,192
653000,-0.0440,192
654000,-0.0441,191
655000,-0.0441,191
656000,-0.0441,191
657000,-0.0441,191
658000,-0.0441,191
659000,-0.0441,191
660000,-0.0441,191
661000,-0.0441,191
662000,-0.0441,191
663000,-0.0441,191
664000,-0.0441,191
665000,-0.0441,191
666000,-0.0441,191
667000,-0.0441,191
668000,-0.0441,191
669000,-0.0441,191
670000,-0.0441,191
671000,-0.0441,191
672000,-0.0441,191
673000,-0.0441,191
674000,-0.0442,190
675000,-0.0441,191
676000,-0.0441,191
677000,-0.0440,192
678000,-0.0440,192
679000,-0.0440,192
680000,-0.0440,192
681000,-0.0440,192
682000,-0.0440,192
683000,-0.0440,192
684000,-0.0440,192
685000,-0.0440,192
686000,-0.0440,192
687000,-0.0440,192
688000,-0.0440,192
689000,-0.0440,192
690000,-0.0440,192
691000,-0.0440,192
692000,-0.0440,192
693000,-0.0440,192
694000,-0.0440,192
695000,-0.0440,192
696000,-0.0440,192
697000,-0.0440,192
698000,-0.0440,192
699000,-0.0440,192
700000,-0.0440,192
701000,-0.0440,192
702000,-0.0440,192
703000,-0.0440,192
704000,-0.0440,192
705000,-0.0440,192
706000,-0.0440,192
707000,-0.0440,192
708000,-0.0440,192
709000,-0.0440,192
710000,-0.0440,192
711000,-0.0440,192
712000,-0.0440,192
713000,-0.0440,192
714000,-0.0440,192
715000,-0.0440,192
716000,-0.0440,192
717000,-0.0440,192
718000,-0.0440,192
719000,-0.0440,192
720000,-0.0440,192
721000,-0.0440,192
722000,-0.0440,192
723000,-0.0440,192
724000,-0.0440,192
725000,-0.0440,192
726000,-0.0440,192
727000,-0.0440,192
728000,-0.0440,192
729000,-0.0440,192
730000,-0.0442,191
731000,-0.0442,191
732000,-0.0440,192
733000,-0.0440,192
734000,-0.0440,192
735000,-0.0440,192
736000,-0.0440,192
737000,-0.0440,192
738000,-0.0442,191
739000,-0.0442,191
740000,-0.0440,192
741000,-0.0440,192
742000,-0.0440,192
743000,-0.0440,192
744000,-0.0440,192
745000,-0.0440,192
746000,-0.0440,192
747000,-0.0440,192
748000,-0.0440,192
749000,-0.0440,192
750000,-0.0440,192
751000,-0.0440,192
752000,-0.0440,192
753000,-0.0440,192
754000,-0.0440,192
755000,-0.0440,192
756000,-0.0440,192
757000,-0.0440,192
758000,-0.0440,192
759000,-0.0440,192
760000,-0.0440,192
761000,-0.0440,192
762000,-0.0440,192
763000,-0.0440,192
764000,-0.0440,192
765000,-0.0440,192
766000,-0.0440,192
767000,-0.0440,192
768000,-0.0440,192
769000,-0.0440,192
770000,-0.0440,192
771000,-0.0440,192
772000,-0.0440,192
773000,-0.0440,192
774000,-0.0440,192
775000,-0.0440,192
776000,-0.0440,192
777000,-0.0440,192
778000,-0.0440,192
779000,-0.0440,192
780000,-0.0439,193
781000,-0.0439,193
782000,-0.0440,192
783000,-0.0440,192
784000,-0.0440,192
785000,-0.0440,192
786000,-0.0440,192
787000,-0.0440,192
788000,-0.0440,192
789000,-0.0440,192
790000,-0.0440,192
791000,-0.0440,192
792000,-0.0440,192
793000,-0.0440,192
794000,-0.0440,192
795000,-0.0440,192
796000,-0.0440,192
797000,-0.0440,192
798000,-0.0440,192
799000,-0.0440,192
800000,-0.0440,192
801000,-0.0440,192
802000,-0.0440,192
803000,-0.0440,192
804000,-0.0440,192
805000,-0.0440,192
806000,-0.0440,192
807000,-0.0440,192
808000,-0.0440,192
809000,-0.0440,192
810000,-0.0440,192
811000,-0.0440,192
812000,-0.0440,192
813000,-0.0441,191
814000,-0.0440,192
815000,-0.0440,192
816000,-0.0440,192
817000,-0.0440,192
818000,-0.0440,192
819000,-0.0440,192
820000,-0.0440,192
821000,-0.0440,192
822000,-0.0440,192
823000,-0.0440,192
824000,-0.0440,192
825000,-0.0439,193
826000,-0.0439,193
827000,-0.0439,193
828000,-0.0439,193
829000,-0.0439,193
830000,-0.0439,193
831000,-0.0439,193
832000,-0.0439,193
833000,-0.0439,193
834000,-0.0439,193
835000,-0.0439,193
836000,-0.0439,193
837000,-0.0440,192
838000,-0.0440,192
839000,-0.0440,192
840000,-0.0440,192
841000,-0.0440,192
842000,-0.0440,192
843000,-0.0440,192
844000,-0.0440,192
845000,-0.0440,192
846000,-0.0440,192
847000,-0.0440,192
848000,-0.0440,192
849000,-0.0440,192
850000,-0.0440,192
851000,-0.0440,192
852000,-0.0440,192
853000,-0.0440,192
854000,-0.0440,192
855000,-0.0440,192
856000,-0.0440,192
857000,-0.0440,192
858000,-0.0440,192
859000,-0.0440,192
860000,-0.0440,192
861000,-0.0440,192
862000,-0.0440,192
863000,-0.0440,192
864000,-0.0439,193
865000,-0.0439,193
866000,-0.0439,193
867000,-0.0439,193
868000,-0.0440,192
869000,-0.0440,192
870000,-0.0440,192
871000,-0.0440,192
872000,-0.0439,193
873000,-0.0440,192
874000,-0.0440,192
875000,-0.0440,192
876000,-0.0440,192
877000,-0.0440,192
878000,-0.0440,192
879000,-0.0441,191
880000,-0.0440,192
881000,-0.0440,192
882000,-0.0440,192
883000,-0.0442,191
884000,-0.0441,191
885000,-0.0441,191
886000,-0.0441,191
887000,-0.0441,191
888000,-0.0441,191
889000,-0.0443,190
890000,-0.0441,191
891000,-0.0441,191
892000,-0.0441,191
893000,-0.0441,191
894000,-0.0441,191
895000,-0.0440,192
896000,-0.0440,192
897000,-0.0440,192
898000,-0.0442,191
899000,-0.0440,192
900000,-0.0440,192
901000,-0.0441,191
902000,-0.0440,192
903000,-0.0440,192
904000,-0.0440,192
905000,-0.0440,192
906000,-0.0440,192
907000,-0.0440,192
908000,-0.0440,192
909000,-0.0440,192
910000,-0.0440,192
911000,-0.0440,192
912000,-0.0440,192
913000,-0.0440,192
914000,-0.0440,192
915000,-0.0440,192
916000,-0.0440,192
917000,-0.0440,192
918000,-0.0440,192
919000,-0.0440,192
920000,-0.0440,192
921000,-0.0440,192
922000,-0.0440,192
923000,-0.0440,192
924000,-0.0440,192
925000,-0.0439,193
926000,-0.0440,192
927000,-0.0440,192
928000,-0.0440,192
929000,-0.0440,192
930000,-0.0442,192
931000,-0.0440,192
932000,-0.0440,192
933000,-0.0440,192
934000,-0.0440,192
935000,-0.0440,192
936000,-0.0440,192
937000,-0.0440,192
938000,-0.0440,192
939000,-0.0440,192
940000,-0.0440,192
941000,-0.0440,192
942000,-0.0440,192
943000,-0.0440,192
944000,-0.0440,192
945000,-0.0440,192
946000,-0.0440,192
947000,-0.0440,192
948000,-0.0440,192
949000,-0.0440,192
950000,-0.0440,192
951000,-0.0440,192
952000,-0.0440,192
953000,-0.0440,192
954000,-0.0440,192
955000,-0.0440,192
956000,-0.0440,192
957000,-0.0440,192
958000,-0.0440,192
959000,-0.0440,192
960000,-0.0440,192
961000,-0.0440,192
962000,-0.0440,192
963000,-0.0440,192
964000,-0.0440,192
965000,-0.0440,192
966000,-0.0440,192
967000,-0.0440,192
968000,-0.0440,192
969000,-0.0440,192
970000,-0.0440,192
971000,-0.0440,192
972000,-0.0440,192
973000,-0.0440,192
974000,-0.0440,192
975000,-0.0440,192
976000,-0.0440,192
977000,-0.0440,192
978000,-0.0440,192
979000,-0.0440,192
980000,-0.0440,192
981000,-0.0440,192
982000,-0.0440,192
983000,-0.0440,192
984000,-0.0442,191
985000,-0.0440,192
986000,-0.0440,192
987000,-0.0440,192
988000,-0.0440,192
989000,-0.0440,192
990000,-0.0440,192
991000,-0.0440,192
992000,-0.0440,192
993000,-0.0440,192
994000,-0.0440,192
995000,-0.0440,192
996000,-0.0440,192
997000,-0.0440,192
998000,-0.0440,192
999000,-0.0440,192
1000000,-0.0440,192
