utc	epoch	pid	etime_s	rss_gib	arena_class_gib	arena_class_maps	threads
2026-09-18 15:06:48	2	67695	1124	4.85	3.26	383	168
2026-09-18 15:06:49	2	67793	1121	5.00	3.42	372	168
2026-09-18 15:06:49	2	67991	1118	5.09	3.47	374	168
2026-09-18 15:06:49	2	68175	1115	5.18	3.40	371	168
2026-09-18 15:25:19	3	67695	2235	5.36	3.40	378	168
2026-09-18 15:25:19	3	67793	2232	5.47	3.76	359	168
2026-09-18 15:25:20	3	67991	2229	5.52	3.72	360	168
2026-09-18 15:25:20	3	68175	2226	5.40	3.59	364	168
2026-09-18 15:43:50	4	67695	3346	5.29	3.48	376	168
2026-09-18 15:43:50	4	67793	3343	5.43	3.82	348	168
2026-09-18 15:43:50	4	67991	3340	5.48	3.84	350	168
2026-09-18 15:43:51	4	68175	3337	5.53	3.73	358	168
2026-09-18 16:02:21	5	67695	4457	5.41	3.54	375	168
2026-09-18 16:02:21	5	67793	4454	5.71	3.88	342	168
2026-09-18 16:02:21	5	67991	4451	5.58	3.91	347	168
2026-09-18 16:02:22	5	68175	4447	5.59	3.79	348	168
2026-09-18 16:20:52	6	67695	5568	5.77	3.67	376	168
2026-09-18 16:20:52	6	67793	5565	5.72	3.88	338	168
2026-09-18 16:20:52	6	67991	5562	5.75	3.90	340	168
2026-09-18 16:20:52	6	68175	5558	5.79	3.86	345	168
2026-09-18 16:39:23	7	67695	6679	5.47	3.66	375	168
2026-09-18 16:39:23	7	67793	6676	5.62	3.92	335	168
2026-09-18 16:39:23	7	67991	6673	5.61	3.88	335	168
2026-09-18 16:39:23	7	68175	6669	5.64	3.84	339	168
2026-09-18 16:57:24	8	67695	7760	5.74	3.68	373	168
2026-09-18 16:57:24	8	67793	7757	5.88	4.04	333	168
2026-09-18 16:57:24	8	67991	7754	5.75	3.88	334	168
2026-09-18 16:57:24	8	68175	7750	5.79	3.89	339	168
2026-09-18 17:15:55	9	67695	8871	5.61	3.79	372	168
2026-09-18 17:15:55	9	67793	8868	5.72	4.02	332	168
2026-09-18 17:15:55	9	67991	8865	5.64	3.90	335	168
2026-09-18 17:15:55	9	68175	8861	5.74	3.92	336	168
2026-09-18 17:34:26	10	67793	9979	5.81	4.12	331	168
2026-09-18 17:34:26	10	67991	9975	5.65	3.91	335	168
2026-09-18 17:34:26	10	68175	9972	5.73	3.91	335	168
2026-09-18 17:34:26	10	108102	25	3.80	2.30	399	168
2026-09-18 17:52:27	11	67793	11060	6.00	4.16	333	168
2026-09-18 17:52:27	11	67991	11056	5.82	3.91	334	168
2026-09-18 17:52:27	11	68175	11053	5.83	4.02	334	168
2026-09-18 17:52:27	11	108102	1106	5.09	3.26	385	168
2026-09-18 18:10:58	12	67793	12171	6.14	4.15	333	168
2026-09-18 18:10:58	12	67991	12167	5.69	3.95	329	168
2026-09-18 18:10:58	12	68175	12164	6.04	4.10	328	168
2026-09-18 18:10:58	12	108102	2216	5.20	3.51	383	168
2026-09-18 18:29:29	13	67793	13281	5.85	4.05	330	168
2026-09-18 18:29:29	13	67991	13278	5.66	3.93	327	168
2026-09-18 18:29:29	13	68175	13275	5.81	4.05	327	168
2026-09-18 18:29:29	13	108102	3327	5.32	3.71	382	168
2026-09-18 18:47:30	14	67793	14362	5.73	4.09	335	168
2026-09-18 18:47:30	14	67991	14359	5.64	3.91	330	168
2026-09-18 18:47:30	14	68175	14356	5.89	4.13	326	168
2026-09-18 18:47:30	14	108102	4408	5.27	3.66	378	168
2026-09-18 19:06:01	15	67793	15473	5.75	4.04	334	168
2026-09-18 19:06:01	15	67991	15470	5.69	3.97	330	168
2026-09-18 19:06:01	15	68175	15467	5.94	4.17	326	168
2026-09-18 19:06:01	15	108102	5519	5.38	3.77	376	168
2026-09-18 19:24:32	16	67793	16584	5.84	4.19	330	168
2026-09-18 19:24:32	16	67991	16581	5.70	3.98	329	168
2026-09-18 19:24:32	16	68175	16578	6.17	4.12	325	168
2026-09-18 19:24:32	16	108102	6630	5.53	3.88	379	168
2026-09-18 19:42:33	17	67793	17665	5.77	4.10	329	168
2026-09-18 19:42:33	17	67991	17662	5.75	4.02	329	168
2026-09-18 19:42:33	17	68175	17659	5.87	4.11	324	168
2026-09-18 19:42:33	17	108102	7711	5.49	3.88	380	168
2026-09-18 20:01:04	18	67793	18776	5.78	4.13	330	168
2026-09-18 20:01:04	18	67991	18773	6.12	4.10	332	168
2026-09-18 20:01:04	18	68175	18770	5.88	4.12	324	168
2026-09-18 20:01:04	18	108102	8822	5.63	3.86	376	168
2026-09-18 20:19:04	19	67793	19857	6.09	4.15	328	168
2026-09-18 20:19:05	19	67991	19854	5.88	4.15	330	168
2026-09-18 20:19:05	19	68175	19851	5.96	4.07	324	168
2026-09-18 20:19:05	19	108102	9903	5.47	3.81	373	168
2026-09-18 20:37:35	20	67991	20965	5.74	4.01	330	168
2026-09-18 20:37:36	20	68175	20961	6.09	4.09	323	168
2026-09-18 20:37:36	20	108102	11014	5.64	3.80	373	168
2026-09-18 20:37:36	20	147398	25	3.86	2.28	397	168
2026-09-18 20:55:36	21	67991	22046	5.83	4.10	330	168
2026-09-18 20:55:36	21	68175	22042	5.84	4.07	324	168
2026-09-18 20:55:37	21	108102	12095	5.72	3.78	361	168
2026-09-18 20:55:37	21	147398	1106	5.05	3.29	385	168
2026-09-18 21:14:07	22	67991	23157	5.97	4.11	329	168
2026-09-18 21:14:07	22	68175	23153	5.89	3.98	322	168
2026-09-18 21:14:08	22	108102	13206	5.60	3.82	351	168
2026-09-18 21:14:08	22	147398	2217	5.15	3.53	385	168
2026-09-18 21:32:08	23	67991	24238	5.95	4.08	329	168
2026-09-18 21:32:08	23	68175	24234	5.94	4.04	322	168
2026-09-18 21:32:09	23	108102	14287	5.74	3.86	347	168
2026-09-18 21:32:09	23	147398	3298	5.28	3.51	382	168
2026-09-18 21:50:39	24	67991	25349	5.91	4.03	329	168
2026-09-18 21:50:39	24	68175	25345	5.88	4.10	322	168
2026-09-18 21:50:39	24	108102	15398	5.60	3.90	344	168
2026-09-18 21:50:40	24	147398	4409	5.26	3.64	382	168
2026-09-18 22:08:40	25	67991	26430	5.82	4.08	329	168
2026-09-18 22:08:40	25	68175	26426	5.76	3.99	323	168
2026-09-18 22:08:40	25	108102	16479	5.72	3.87	343	168
2026-09-18 22:08:41	25	147398	5490	5.52	3.72	379	168
2026-09-18 22:27:11	26	67991	27540	5.87	4.13	327	168
2026-09-18 22:27:11	26	68175	27537	5.84	4.08	322	168
2026-09-18 22:27:11	26	108102	17590	5.56	3.84	342	168
2026-09-18 22:27:12	26	147398	6601	5.46	3.79	376	168
2026-09-18 22:45:12	27	67991	28621	6.07	4.18	331	168
2026-09-18 22:45:12	27	68175	28618	5.91	4.13	322	168
2026-09-18 22:45:12	27	108102	18671	5.57	3.89	339	168
2026-09-18 22:45:12	27	147398	7682	5.44	3.77	373	168
2026-09-18 23:03:43	28	67991	29732	5.98	4.23	329	168
2026-09-18 23:03:43	28	68175	29729	5.91	4.15	322	168
2026-09-18 23:03:43	28	108102	19782	5.59	3.89	335	168
2026-09-18 23:03:43	28	147398	8793	5.60	3.93	373	168
2026-09-18 23:21:44	29	67991	30813	6.04	4.28	328	168
2026-09-18 23:21:44	29	68175	30810	5.95	4.18	322	168
2026-09-18 23:21:44	29	108102	20863	5.60	3.90	334	168
2026-09-18 23:21:44	29	147398	9874	5.62	3.87	368	168
2026-09-18 23:39:45	30	68175	31891	5.90	4.13	322	168
2026-09-18 23:39:45	30	108102	21943	5.60	3.93	332	168
2026-09-18 23:39:45	30	147398	10955	5.63	3.89	366	168
2026-09-18 23:39:45	30	186964	11	3.62	2.08	401	168
2026-09-18 23:58:16	31	68175	33002	5.81	4.05	322	168
2026-09-18 23:58:16	31	108102	23054	5.63	3.94	332	168
2026-09-18 23:58:16	31	147398	12066	5.71	3.99	354	168
2026-09-18 23:58:16	31	186964	1122	4.96	3.26	380	168
2026-09-19 00:16:17	32	68175	34083	6.06	4.15	322	168
2026-09-19 00:16:17	32	108102	24135	5.71	4.00	332	168
2026-09-19 00:16:17	32	147398	13146	5.65	3.94	350	168
2026-09-19 00:16:17	32	186964	2203	5.19	3.48	381	168
2026-09-19 00:34:48	33	68175	35194	5.84	4.09	322	168
2026-09-19 00:34:48	33	108102	25246	5.73	4.02	332	168
2026-09-19 00:34:48	33	147398	14257	5.70	3.90	340	168
2026-09-19 00:34:48	33	186964	3314	5.60	3.69	381	168
2026-09-19 00:52:49	34	68175	36275	6.00	4.11	322	168
2026-09-19 00:52:49	34	108102	26327	5.78	3.89	331	168
2026-09-19 00:52:49	34	147398	15338	5.88	3.97	338	168
2026-09-19 00:52:49	34	186964	4395	5.62	3.73	379	168
2026-09-19 01:11:20	35	68175	37386	5.89	4.13	322	168
2026-09-19 01:11:20	35	108102	27438	5.57	3.86	331	168
2026-09-19 01:11:20	35	147398	16449	5.68	3.93	333	168
2026-09-19 01:11:20	35	186964	5506	5.51	3.77	376	168
2026-09-19 01:29:21	36	68175	38467	5.81	4.05	322	168
2026-09-19 01:29:21	36	108102	28519	5.55	3.84	330	168
2026-09-19 01:29:21	36	147398	17530	5.59	3.85	334	168
2026-09-19 01:29:21	36	186964	6587	5.72	3.83	377	168
2026-09-19 01:47:52	37	68175	39578	5.94	4.18	322	168
2026-09-19 01:47:52	37	108102	29630	5.63	3.93	328	168
2026-09-19 01:47:52	37	147398	18641	5.61	3.86	331	168
2026-09-19 01:47:52	37	186964	7698	5.62	3.83	375	168
2026-09-19 02:05:53	38	68175	40659	5.95	4.18	322	168
2026-09-19 02:05:53	38	108102	30711	5.89	3.90	329	168
2026-09-19 02:05:53	38	147398	19722	5.73	3.98	330	168
2026-09-19 02:05:53	38	186964	8779	5.78	3.89	375	168
2026-09-19 02:23:54	39	68175	41740	6.10	4.19	322	168
2026-09-19 02:23:54	39	108102	31792	5.78	3.91	327	168
2026-09-19 02:23:54	39	147398	20803	5.80	3.91	330	168
2026-09-19 02:23:54	39	186964	9860	5.75	3.83	374	168
2026-09-19 02:42:25	40	108102	32903	5.56	3.85	327	168
2026-09-19 02:42:25	40	147398	21914	5.64	3.89	329	168
2026-09-19 02:42:25	40	186964	10970	5.62	3.86	374	168
2026-09-19 02:42:25	40	225571	17	3.68	2.19	404	168
2026-09-19 03:00:56	41	108102	34014	5.61	3.89	326	168
2026-09-19 03:00:56	41	147398	23025	5.58	3.83	327	168
2026-09-19 03:00:56	41	186964	12081	5.63	3.88	362	168
2026-09-19 03:00:56	41	225571	1128	4.97	3.38	384	168
2026-09-19 03:18:57	42	108102	35095	6.04	3.77	326	168
2026-09-19 03:18:57	42	147398	24106	5.83	3.93	326	168
2026-09-19 03:18:57	42	186964	13162	5.84	3.93	355	168
2026-09-19 03:18:57	42	225571	2209	5.18	3.58	381	168
2026-09-19 03:37:28	43	108102	36206	5.67	3.93	326	168
2026-09-19 03:37:28	43	147398	25217	5.68	3.93	326	168
2026-09-19 03:37:28	43	186964	14273	5.64	3.88	351	168
2026-09-19 03:37:28	43	225571	3320	5.29	3.67	382	168
2026-09-19 03:55:29	44	108102	37287	5.74	3.85	326	168
2026-09-19 03:55:29	44	147398	26298	5.86	3.97	324	168
2026-09-19 03:55:29	44	186964	15354	5.82	3.88	345	168
2026-09-19 03:55:29	44	225571	4401	5.35	3.74	377	168
2026-09-19 04:13:30	45	108102	38368	5.74	4.02	326	168
2026-09-19 04:13:30	45	147398	27379	5.85	4.08	326	168
2026-09-19 04:13:30	45	186964	16435	5.68	3.91	341	168
2026-09-19 04:13:30	45	225571	5481	5.43	3.78	374	168
2026-09-19 04:32:01	46	108102	39479	5.83	4.12	325	168
2026-09-19 04:32:01	46	147398	28490	5.78	4.00	327	168
2026-09-19 04:32:01	46	186964	17546	5.93	3.87	339	168
2026-09-19 04:32:01	46	225571	6592	5.61	3.82	373	168
2026-09-19 04:50:01	47	108102	40560	6.03	4.05	325	168
2026-09-19 04:50:02	47	147398	29571	5.93	4.02	324	168
2026-09-19 04:50:02	47	186964	18627	5.79	3.85	337	168
2026-09-19 04:50:02	47	225571	7673	5.59	3.78	369	168
2026-09-19 05:08:02	48	108102	41641	5.86	4.04	326	168
2026-09-19 05:08:03	48	147398	30652	5.92	4.01	323	168
2026-09-19 05:08:03	48	186964	19708	5.87	3.92	336	168
2026-09-19 05:08:03	48	225571	8754	5.48	3.70	367	168
2026-09-19 05:26:33	49	108102	42752	5.78	4.07	325	168
2026-09-19 05:26:33	49	147398	31763	5.97	4.01	324	168
2026-09-19 05:26:34	49	186964	20819	5.81	3.86	334	168
2026-09-19 05:26:34	49	225571	9865	5.66	3.85	369	168
2026-09-19 05:44:34	50	147398	32844	5.74	3.98	323	168
2026-09-19 05:44:34	50	186964	21900	5.75	3.98	334	168
2026-09-19 05:44:35	50	225571	10946	5.77	3.88	367	168
2026-09-19 05:44:35	50	265274	7	3.68	2.10	405	168
2026-09-19 06:03:05	51	147398	33955	5.95	4.00	323	168
2026-09-19 06:03:05	51	186964	23011	5.85	3.91	332	168
2026-09-19 06:03:06	51	225571	12057	5.68	3.86	357	168
2026-09-19 06:03:06	51	265274	1118	4.91	3.28	385	168
2026-09-19 06:21:36	52	147398	35065	5.78	4.04	323	168
2026-09-19 06:21:36	52	186964	24122	5.82	4.05	332	168
2026-09-19 06:21:37	52	225571	13168	5.52	3.86	347	168
2026-09-19 06:21:37	52	265274	2229	5.18	3.51	384	168
2026-09-19 06:39:37	53	147398	36146	5.94	4.03	323	168
2026-09-19 06:39:37	53	186964	25203	5.88	3.96	332	168
2026-09-19 06:39:38	53	225571	14249	5.56	3.90	341	168
2026-09-19 06:39:38	53	265274	3310	5.45	3.77	382	168
2026-09-19 06:58:08	54	147398	37257	5.81	4.04	325	168
2026-09-19 06:58:08	54	186964	26314	5.79	4.00	331	168
2026-09-19 06:58:09	54	225571	15360	5.60	3.94	336	168
2026-09-19 06:58:09	54	265274	4421	5.48	3.80	375	168
2026-09-19 07:16:09	55	147398	38338	6.06	4.08	323	168
2026-09-19 07:16:09	55	186964	27395	5.92	3.99	330	168
2026-09-19 07:16:09	55	225571	16441	5.76	3.97	334	168
2026-09-19 07:16:10	55	265274	5502	5.58	3.77	375	168
2026-09-19 07:34:40	56	147398	39449	5.96	4.04	323	168
2026-09-19 07:34:40	56	186964	28506	5.87	3.97	329	168
2026-09-19 07:34:41	56	225571	17552	5.68	4.01	333	168
2026-09-19 07:34:41	56	265274	6613	5.53	3.86	374	168
2026-09-19 07:52:41	57	147398	40530	5.85	4.10	323	168
2026-09-19 07:52:41	57	186964	29587	5.68	3.91	329	168
2026-09-19 07:52:41	57	225571	18633	5.68	4.02	333	168
2026-09-19 07:52:42	57	265274	7694	5.58	3.90	373	168
2026-09-19 08:11:12	58	147398	41641	5.87	4.10	323	168
2026-09-19 08:11:12	58	186964	30698	5.69	3.92	328	168
2026-09-19 08:11:13	58	225571	19744	5.71	4.05	334	168
2026-09-19 08:11:13	58	265274	8805	5.57	3.89	371	168
2026-09-19 08:29:13	59	147398	42722	5.89	4.12	323	168
2026-09-19 08:29:13	59	186964	31779	5.80	4.02	328	168
2026-09-19 08:29:14	59	225571	20825	5.75	4.06	334	168
2026-09-19 08:29:14	59	265274	9886	5.53	3.85	371	168
2026-09-19 08:47:44	60	186964	32890	5.80	4.02	328	168
2026-09-19 08:47:44	60	225571	21936	5.85	4.15	333	168
2026-09-19 08:47:44	60	265274	10997	5.60	3.92	367	168
2026-09-19 08:47:45	60	303502	23	3.70	2.18	397	168
2026-09-19 09:05:45	61	186964	33971	5.81	4.02	327	168
2026-09-19 09:05:45	61	225571	23017	5.96	4.13	330	168
2026-09-19 09:05:45	61	265274	12078	5.73	3.91	355	168
2026-09-19 09:05:46	61	303502	1104	5.06	3.22	383	168
2026-09-19 09:24:16	62	186964	35082	5.78	3.99	327	168
2026-09-19 09:24:16	62	225571	24128	5.77	4.08	329	168
2026-09-19 09:24:16	62	265274	13189	5.69	3.94	348	168
2026-09-19 09:24:17	62	303502	2215	5.42	3.57	384	168
2026-09-19 09:42:47	63	186964	36193	5.96	4.05	324	168
2026-09-19 09:42:47	63	225571	25239	5.69	4.00	329	168
2026-09-19 09:42:47	63	265274	14300	5.63	3.95	341	168
2026-09-19 09:42:47	63	303502	3326	5.32	3.63	382	168
2026-09-19 10:00:48	64	186964	37274	5.88	4.09	325	168
2026-09-19 10:00:48	64	225571	26320	5.80	4.11	331	168
2026-09-19 10:00:48	64	265274	15381	5.72	4.03	338	168
2026-09-19 10:00:49	64	303502	4407	5.47	3.76	380	168
2026-09-19 10:19:19	65	186964	38385	5.91	4.12	325	168
2026-09-19 10:19:19	65	225571	27431	5.76	4.07	328	168
2026-09-19 10:19:19	65	265274	16492	5.70	4.01	336	168
2026-09-19 10:19:20	65	303502	5518	5.67	3.78	380	168
2026-09-19 10:37:20	66	186964	39466	6.02	4.09	324	168
2026-09-19 10:37:20	66	225571	28512	5.71	4.01	325	168
2026-09-19 10:37:20	66	265274	17573	5.69	4.00	334	168
2026-09-19 10:37:21	66	303502	6599	5.59	3.87	376	168
2026-09-19 10:55:51	67	186964	40577	5.90	4.11	325	168
2026-09-19 10:55:51	67	225571	29623	5.67	3.98	325	168
2026-09-19 10:55:51	67	265274	18684	5.67	4.00	333	168
2026-09-19 10:55:52	67	303502	7710	5.58	3.86	371	168
2026-09-19 11:13:52	68	186964	41658	5.88	4.05	325	168
2026-09-19 11:13:52	68	225571	30704	5.84	4.16	324	168
2026-09-19 11:13:52	68	265274	19765	5.65	3.96	333	168
2026-09-19 11:13:53	68	303502	8791	5.70	3.97	368	168
2026-09-19 11:32:23	69	186964	42769	5.96	4.16	326	168
2026-09-19 11:32:23	69	225571	31815	5.81	4.11	324	168
2026-09-19 11:32:23	69	265274	20876	5.64	3.95	329	168
2026-09-19 11:32:24	69	303502	9902	5.64	3.91	368	168
2026-09-19 11:50:24	70	225571	32896	5.75	4.07	324	168
2026-09-19 11:50:24	70	265274	21957	5.67	3.98	329	168
2026-09-19 11:50:24	70	303502	10983	5.88	3.94	370	168
2026-09-19 11:50:25	70	341435	9	3.77	2.14	399	168
2026-09-19 12:08:55	71	225571	34007	5.90	4.18	328	168
2026-09-19 12:08:55	71	265274	23068	5.62	3.93	328	168
2026-09-19 12:08:55	71	303502	12093	5.63	3.90	361	168
2026-09-19 12:08:55	71	341435	1120	4.92	3.31	387	168
2026-09-19 12:26:56	72	225571	35088	5.84	4.16	326	168
2026-09-19 12:26:56	72	265274	24149	5.66	3.97	328	168
2026-09-19 12:26:56	72	303502	13174	5.63	3.90	351	168
2026-09-19 12:26:56	72	341435	2201	5.10	3.48	382	168
2026-09-19 12:45:27	73	225571	36199	5.75	4.06	325	168
2026-09-19 12:45:27	73	265274	25260	5.72	4.03	333	168
2026-09-19 12:45:27	73	303502	14285	5.64	3.91	344	168
2026-09-19 12:45:27	73	341435	3312	5.31	3.60	381	168
2026-09-19 13:03:28	74	225571	37280	5.70	4.02	325	168
2026-09-19 13:03:28	74	265274	26341	5.79	4.10	325	168
2026-09-19 13:03:28	74	303502	15366	5.88	3.88	343	168
2026-09-19 13:03:28	74	341435	4393	5.42	3.66	378	168
2026-09-19 13:21:59	75	225571	38391	5.83	4.14	324	168
2026-09-19 13:21:59	75	265274	27452	5.67	3.98	325	168
2026-09-19 13:21:59	75	303502	16477	5.79	3.91	340	168
2026-09-19 13:21:59	75	341435	5504	5.53	3.78	377	168
2026-09-19 13:40:00	76	225571	39471	5.74	4.05	322	168
2026-09-19 13:40:00	76	265274	28533	5.73	4.04	326	168
2026-09-19 13:40:00	76	303502	17558	5.67	3.94	337	168
2026-09-19 13:40:00	76	341435	6585	5.44	3.82	374	168
2026-09-19 13:58:01	77	225571	40552	5.82	4.13	322	168
2026-09-19 13:58:01	77	265274	29614	5.74	4.05	327	168
2026-09-19 13:58:01	77	303502	18639	5.98	3.99	337	168
2026-09-19 13:58:01	77	341435	7666	5.51	3.75	373	168
2026-09-19 14:16:32	78	225571	41663	5.92	4.09	324	168
2026-09-19 14:16:32	78	265274	30725	5.88	4.05	324	168
2026-09-19 14:16:32	78	303502	19750	5.82	4.05	337	168
2026-09-19 14:16:32	78	341435	8777	5.45	3.85	372	168
2026-09-19 14:34:33	79	225571	42744	5.73	4.04	322	168
2026-09-19 14:34:33	79	265274	31806	5.81	4.12	326	168
2026-09-19 14:34:33	79	303502	20831	5.76	4.01	333	168
2026-09-19 14:34:33	79	341435	9858	5.59	3.96	370	168
2026-09-19 14:52:34	80	265274	32887	5.75	4.06	324	168
2026-09-19 14:52:34	80	303502	21912	5.83	3.94	332	168
2026-09-19 14:52:34	80	341435	10939	5.77	3.95	371	168
2026-09-19 14:52:34	80	379793	6	3.54	2.03	401	168
2026-09-19 15:11:05	81	265274	33998	5.91	4.07	324	168
2026-09-19 15:11:05	81	303502	23023	5.71	3.96	330	168
2026-09-19 15:11:05	81	341435	12050	5.59	3.91	365	168
2026-09-19 15:11:05	81	379793	1117	4.97	3.36	378	168
2026-09-19 15:29:36	82	265274	35109	5.84	4.14	324	168
2026-09-19 15:29:36	82	303502	24134	5.75	3.98	330	168
2026-09-19 15:29:36	82	341435	13161	5.54	3.86	356	168
2026-09-19 15:29:36	82	379793	2228	5.13	3.51	378	168
2026-09-19 15:47:37	83	265274	36189	5.79	4.09	327	168
2026-09-19 15:47:37	83	303502	25215	5.90	3.96	328	168
2026-09-19 15:47:37	83	341435	14242	5.72	3.93	346	168
2026-09-19 15:47:37	83	379793	3309	5.22	3.59	379	168
2026-09-19 16:06:08	84	265274	37301	5.70	4.00	324	168
2026-09-19 16:06:08	84	303502	26326	6.04	3.96	327	168
2026-09-19 16:06:08	84	341435	15353	5.73	3.92	342	168
2026-09-19 16:06:08	84	379793	4420	5.54	3.78	376	168
2026-09-19 16:24:09	85	265274	38381	5.95	4.07	324	168
2026-09-19 16:24:09	85	303502	27407	5.80	4.01	327	168
2026-09-19 16:24:09	85	341435	16434	5.72	4.04	342	168
2026-09-19 16:24:09	85	379793	5501	5.38	3.76	372	168
2026-09-19 16:42:40	86	265274	39492	5.72	4.02	325	168
2026-09-19 16:42:40	86	303502	28518	5.76	3.97	326	168
2026-09-19 16:42:40	86	341435	17545	5.64	3.96	333	168
2026-09-19 16:42:40	86	379793	6612	5.40	3.78	371	168
2026-09-19 17:00:41	87	265274	40573	5.97	3.98	326	168
2026-09-19 17:00:41	87	303502	29599	6.00	4.04	326	168
2026-09-19 17:00:41	87	341435	18626	5.87	4.04	333	168
2026-09-19 17:00:41	87	379793	7693	5.56	3.85	367	168
2026-09-19 17:19:12	88	265274	41684	5.77	4.08	326	168
2026-09-19 17:19:12	88	303502	30710	5.72	3.94	324	168
2026-09-19 17:19:12	88	341435	19737	5.65	3.98	334	168
2026-09-19 17:19:12	88	379793	8804	6.17	3.84	365	168
2026-09-19 17:37:43	89	265274	42795	5.77	4.07	325	168
2026-09-19 17:37:43	89	303502	31821	5.89	4.10	324	168
2026-09-19 17:37:43	89	341435	20848	5.68	4.03	332	168
2026-09-19 17:37:43	89	379793	9915	5.81	3.83	362	168
2026-09-19 17:55:44	90	303502	32902	5.70	3.98	324	168
2026-09-19 17:55:44	90	341435	21929	5.78	4.03	327	168
2026-09-19 17:55:44	90	379793	10996	5.68	3.84	358	168
2026-09-19 17:55:44	90	418700	18	3.76	2.27	396	168
2026-09-19 18:14:15	91	303502	34013	5.31	3.53	324	168
2026-09-19 18:14:15	91	341435	23040	5.01	3.44	328	168
2026-09-19 18:14:15	91	379793	12107	5.03	3.43	351	168
2026-09-19 18:14:15	91	418700	1129	5.04	3.40	378	168
2026-09-19 18:32:46	92	303502	35124	5.21	3.67	324	168
2026-09-19 18:32:46	92	341435	24151	5.43	3.68	328	168
2026-09-19 18:32:46	92	379793	13218	5.10	3.47	347	168
2026-09-19 18:32:46	92	418700	2240	5.30	3.62	375	168
2026-09-19 18:50:46	93	303502	36205	5.36	3.70	324	168
2026-09-19 18:50:47	93	341435	25232	5.45	3.83	323	168
2026-09-19 18:50:47	93	379793	14299	5.15	3.57	343	168
2026-09-19 18:50:47	93	418700	3321	5.31	3.72	367	168
2026-09-19 19:09:17	94	303502	37316	5.33	3.80	324	168
2026-09-19 19:09:18	94	341435	26343	5.26	3.78	324	168
2026-09-19 19:09:18	94	379793	15410	5.07	3.60	337	168
2026-09-19 19:09:18	94	418700	4432	5.36	3.76	368	168
2026-09-19 19:27:48	95	303502	38427	5.40	3.87	324	168
2026-09-19 19:27:48	95	341435	27453	5.29	3.80	324	168
2026-09-19 19:27:49	95	379793	16521	5.16	3.66	335	168
2026-09-19 19:27:49	95	418700	5543	5.51	3.86	363	168
2026-09-19 19:46:19	96	303502	39538	5.04	3.83	324	168
2026-09-19 19:46:19	96	341435	28564	4.95	3.71	323	168
2026-09-19 19:46:20	96	379793	17632	5.07	3.73	330	168
2026-09-19 19:46:20	96	418700	6654	4.92	3.72	359	168
2026-09-19 20:04:20	97	303502	40618	4.93	3.73	324	168
2026-09-19 20:04:20	97	341435	29645	4.91	3.74	324	168
2026-09-19 20:04:20	97	379793	18713	4.92	3.70	327	168
2026-09-19 20:04:21	97	418700	7735	4.83	3.67	356	168
2026-09-19 20:22:21	98	303502	41699	4.94	3.72	323	168
2026-09-19 20:22:21	98	341435	30726	5.01	3.87	323	168
2026-09-19 20:22:21	98	379793	19794	4.93	3.76	324	168
2026-09-19 20:22:22	98	418700	8816	4.80	3.68	352	168
2026-09-19 20:40:52	99	303502	42810	4.97	3.72	323	168
2026-09-19 20:40:52	99	341435	31837	4.93	3.85	324	168
2026-09-19 20:40:52	99	379793	20905	4.85	3.73	324	168
2026-09-19 20:40:52	99	418700	9927	4.79	3.72	349	168
2026-09-19 20:58:53	100	341435	32918	4.97	3.84	324	168
2026-09-19 20:58:53	100	379793	21985	5.04	3.90	324	168
2026-09-19 20:58:53	100	418700	11008	4.85	3.78	348	168
2026-09-19 20:58:53	100	457206	1	0.34	0.02	24	24
2026-09-19 21:17:24	101	341435	34029	4.88	3.77	325	168
2026-09-19 21:17:24	101	379793	23096	4.85	3.71	323	168
2026-09-19 21:17:24	101	418700	12118	4.84	3.67	341	168
2026-09-19 21:17:24	101	457206	1112	4.72	3.31	379	168
2026-09-19 21:35:55	102	341435	35140	4.87	3.76	322	168
2026-09-19 21:35:55	102	379793	24207	5.01	3.82	321	168
2026-09-19 21:35:55	102	418700	13229	4.88	3.71	338	168
2026-09-19 21:35:55	102	457206	2223	5.03	3.61	377	168
2026-09-19 21:53:56	103	341435	36221	4.88	3.68	323	168
2026-09-19 21:53:56	103	379793	25288	4.95	3.68	320	168
2026-09-19 21:53:56	103	418700	14310	4.67	3.56	335	168
2026-09-19 21:53:56	103	457206	3304	4.82	3.63	373	168
2026-09-19 22:11:57	104	341435	37301	4.91	3.82	324	168
2026-09-19 22:11:57	104	379793	26369	4.92	3.73	320	168
2026-09-19 22:11:57	104	418700	15391	4.91	3.73	332	168
2026-09-19 22:11:57	104	457206	4385	4.81	3.65	373	168
2026-09-19 22:29:58	105	341435	38382	4.99	3.82	322	168
2026-09-19 22:29:58	105	379793	27450	4.91	3.77	320	168
2026-09-19 22:29:58	105	418700	16472	4.94	3.61	330	168
2026-09-19 22:29:58	105	457206	5466	4.97	3.62	368	168
2026-09-19 22:48:29	106	341435	39494	5.04	3.84	323	168
2026-09-19 22:48:29	106	379793	28561	5.03	3.74	318	168
2026-09-19 22:48:29	106	418700	17583	4.93	3.74	330	168
2026-09-19 22:48:29	106	457206	6577	4.84	3.66	365	168
2026-09-19 23:06:59	107	341435	40604	5.04	3.91	322	168
2026-09-19 23:07:00	107	379793	29672	4.85	3.71	317	168
2026-09-19 23:07:00	107	418700	18694	4.88	3.70	327	168
2026-09-19 23:07:00	107	457206	7688	4.97	3.50	364	168
2026-09-19 23:25:00	108	341435	41685	5.04	3.90	324	168
2026-09-19 23:25:00	108	379793	30753	4.75	3.63	317	168
2026-09-19 23:25:01	108	418700	19775	4.76	3.58	323	168
2026-09-19 23:25:01	108	457206	8768	4.71	3.56	362	168
2026-09-19 23:43:31	109	341435	42796	5.14	3.99	325	168
2026-09-19 23:43:31	109	379793	31864	4.88	3.77	321	168
2026-09-19 23:43:32	109	418700	20886	4.90	3.72	324	168
2026-09-19 23:43:32	109	457206	9879	5.07	3.61	360	168
2026-09-20 00:01:32	110	379793	32944	4.95	3.85	321	168
2026-09-20 00:01:32	110	418700	21967	4.96	3.77	323	168
2026-09-20 00:01:32	110	457206	10960	4.79	3.63	357	168
2026-09-20 00:01:32	110	495583	3	0.57	0.06	132	73
2026-09-20 00:20:03	111	379793	34055	5.13	3.83	321	168
2026-09-20 00:20:03	111	418700	23077	4.99	3.80	322	168
2026-09-20 00:20:03	111	457206	12071	4.84	3.68	351	168
2026-09-20 00:20:03	111	495583	1114	4.94	3.37	378	168
2026-09-20 00:38:34	112	379793	35166	5.01	3.84	317	168
2026-09-20 00:38:34	112	418700	24188	5.05	3.87	324	168
2026-09-20 00:38:34	112	457206	13182	4.89	3.72	349	168
2026-09-20 00:38:34	112	495583	2225	4.84	3.59	375	168
2026-09-20 00:56:35	113	379793	36247	4.95	3.69	317	168
2026-09-20 00:56:35	113	418700	25269	4.68	3.48	324	168
2026-09-20 00:56:35	113	457206	14263	4.68	3.49	344	168
2026-09-20 00:56:35	113	495583	3306	4.56	3.50	371	168
2026-09-20 01:15:06	114	379793	37358	4.92	3.78	318	168
2026-09-20 01:15:06	114	418700	26380	4.78	3.60	322	168
2026-09-20 01:15:06	114	457206	15374	4.79	3.62	338	168
2026-09-20 01:15:06	114	495583	4417	4.68	3.62	369	168
2026-09-20 01:33:07	115	379793	38439	4.84	3.73	319	168
2026-09-20 01:33:07	115	418700	27461	4.80	3.64	323	168
2026-09-20 01:33:07	115	457206	16455	4.76	3.61	336	168
2026-09-20 01:33:07	115	495583	5498	4.62	3.47	366	168
2026-09-20 01:51:38	116	379793	39550	5.28	3.87	320	168
2026-09-20 01:51:38	116	418700	28572	5.34	3.68	324	168
2026-09-20 01:51:38	116	457206	17566	4.88	3.59	331	168
2026-09-20 01:51:38	116	495583	6609	4.70	3.55	364	168
2026-09-20 02:09:39	117	379793	40631	5.24	3.90	321	168
2026-09-20 02:09:39	117	418700	29653	5.08	3.79	322	168
2026-09-20 02:09:39	117	457206	18646	4.96	3.65	331	168
2026-09-20 02:09:39	117	495583	7690	4.91	3.70	363	168
2026-09-20 02:28:09	118	379793	41742	5.67	4.00	318	168
2026-09-20 02:28:10	118	418700	30764	4.95	3.78	325	168
2026-09-20 02:28:10	118	457206	19757	4.86	3.69	332	168
2026-09-20 02:28:10	118	495583	8801	4.88	3.73	363	168
2026-09-20 02:46:10	119	379793	42823	5.25	4.08	319	168
2026-09-20 02:46:11	119	418700	31845	4.91	3.76	321	168
2026-09-20 02:46:11	119	457206	20838	4.90	3.72	332	168
2026-09-20 02:46:11	119	495583	9882	4.90	3.75	357	168
2026-09-20 03:04:41	120	418700	32956	4.99	3.79	321	168
2026-09-20 03:04:42	120	457206	21949	5.10	3.76	332	168
2026-09-20 03:04:42	120	495583	10993	4.98	3.69	357	168
2026-09-20 03:04:42	120	534408	25	3.81	2.19	401	168
2026-09-20 03:22:42	121	418700	34037	5.27	3.80	320	168
2026-09-20 03:22:42	121	457206	23030	4.85	3.69	333	168
2026-09-20 03:22:43	121	495583	12074	4.90	3.70	349	168
2026-09-20 03:22:43	121	534408	1106	4.79	3.37	381	168
2026-09-20 03:41:13	122	418700	35148	5.06	3.82	320	168
2026-09-20 03:41:13	122	457206	24141	4.88	3.73	330	168
2026-09-20 03:41:14	122	495583	13185	4.81	3.73	344	168
2026-09-20 03:41:14	122	534408	2217	4.95	3.62	382	168
2026-09-20 03:59:14	123	418700	36229	4.80	3.63	322	168
2026-09-20 03:59:14	123	457206	25222	4.62	3.49	332	168
2026-09-20 03:59:14	123	495583	14265	4.82	3.59	342	168
2026-09-20 03:59:15	123	534408	3297	4.91	3.57	379	168
2026-09-20 04:17:15	124	418700	37310	4.86	3.51	320	168
2026-09-20 04:17:15	124	457206	26303	4.79	3.54	331	168
2026-09-20 04:17:15	124	495583	15346	4.78	3.54	339	168
2026-09-20 04:17:16	124	534408	4378	4.55	3.45	373	168
2026-09-20 04:35:46	125	418700	38420	4.90	3.62	321	168
2026-09-20 04:35:46	125	457206	27414	4.85	3.70	329	168
2026-09-20 04:35:46	125	495583	16457	4.79	3.68	339	168
2026-09-20 04:35:46	125	534408	5489	4.78	3.71	377	168
2026-09-20 04:53:47	126	418700	39501	4.94	3.75	320	168
2026-09-20 04:53:47	126	457206	28495	4.86	3.71	329	168
2026-09-20 04:53:47	126	495583	17538	4.78	3.67	336	168
2026-09-20 04:53:47	126	534408	6570	4.83	3.74	369	168
2026-09-20 05:11:48	127	418700	40582	4.87	3.74	321	168
2026-09-20 05:11:48	127	457206	29576	4.83	3.69	327	168
2026-09-20 05:11:48	127	495583	18619	4.92	3.67	334	168
2026-09-20 05:11:48	127	534408	7651	4.82	3.58	365	168
2026-09-20 05:30:19	128	418700	41693	4.97	3.80	320	168
2026-09-20 05:30:19	128	457206	30687	4.90	3.75	327	168
2026-09-20 05:30:19	128	495583	19730	4.76	3.65	332	168
2026-09-20 05:30:19	128	534408	8762	4.83	3.72	361	168
2026-09-20 05:48:20	129	418700	42774	4.99	3.76	320	168
2026-09-20 05:48:20	129	457206	31768	5.04	3.74	328	168
2026-09-20 05:48:20	129	495583	20811	4.87	3.62	330	168
2026-09-20 05:48:20	129	534408	9843	4.71	3.60	359	168
2026-09-20 06:06:21	130	457206	32849	5.09	3.76	329	168
2026-09-20 06:06:21	130	495583	21892	4.90	3.77	328	168
2026-09-20 06:06:21	130	534408	10924	4.82	3.71	357	168
2026-09-20 06:06:21	130	572990	12	3.59	2.12	401	168
2026-09-20 06:24:52	131	457206	33959	4.79	3.63	325	168
2026-09-20 06:24:52	131	495583	23003	4.83	3.71	328	168
2026-09-20 06:24:52	131	534408	12035	4.73	3.64	352	168
2026-09-20 06:24:52	131	572990	1123	5.11	3.35	383	168
2026-09-20 06:42:53	132	457206	35040	4.89	3.72	326	168
2026-09-20 06:42:53	132	495583	24084	4.90	3.79	327	168
2026-09-20 06:42:53	132	534408	13116	4.97	3.81	350	168
2026-09-20 06:42:53	132	572990	2204	4.95	3.51	380	168
2026-09-20 07:01:24	133	457206	36151	4.98	3.81	325	168
2026-09-20 07:01:24	133	495583	25195	4.93	3.79	325	168
2026-09-20 07:01:24	133	534408	14227	5.03	3.87	345	168
2026-09-20 07:01:24	133	572990	3315	4.89	3.59	377	168
2026-09-20 07:19:25	134	457206	37232	4.79	3.66	325	168
2026-09-20 07:19:25	134	495583	26276	4.85	3.73	325	168
2026-09-20 07:19:25	134	534408	15308	5.13	3.74	344	168
2026-09-20 07:19:25	134	572990	4396	4.79	3.56	372	168
2026-09-20 07:37:26	135	457206	38313	4.81	3.69	325	168
2026-09-20 07:37:26	135	495583	27357	4.88	3.76	327	168
2026-09-20 07:37:26	135	534408	16389	4.98	3.83	341	168
2026-09-20 07:37:26	135	572990	5477	4.67	3.59	369	168
2026-09-20 07:55:56	136	457206	39424	5.23	3.80	326	168
2026-09-20 07:55:57	136	495583	28468	5.16	3.89	326	168
2026-09-20 07:55:57	136	534408	17500	5.09	3.79	338	168
2026-09-20 07:55:57	136	572990	6588	4.85	3.63	363	168
2026-09-20 08:13:57	137	457206	40505	4.80	3.50	327	168
2026-09-20 08:13:58	137	495583	29549	4.82	3.59	327	168
2026-09-20 08:13:58	137	534408	18581	4.82	3.57	338	168
2026-09-20 08:13:58	137	572990	7669	4.79	3.59	361	168
2026-09-20 08:32:28	138	457206	41616	4.96	3.66	327	168
2026-09-20 08:32:28	138	495583	30659	4.96	3.81	325	168
2026-09-20 08:32:29	138	534408	19692	4.94	3.76	337	168
2026-09-20 08:32:29	138	572990	8780	4.69	3.62	359	168
2026-09-20 08:50:29	139	457206	42697	4.89	3.73	324	168
2026-09-20 08:50:30	139	495583	31741	4.96	3.85	325	168
2026-09-20 08:50:30	139	534408	20773	5.19	3.85	334	168
2026-09-20 08:50:30	139	572990	9861	4.85	3.63	358	168
2026-09-20 09:09:00	140	495583	32851	5.18	3.90	326	168
2026-09-20 09:09:00	140	534408	21883	5.18	3.87	332	168
2026-09-20 09:09:01	140	572990	10972	4.86	3.69	353	168
2026-09-20 09:09:01	140	611074	23	3.80	2.33	398	168
2026-09-20 09:27:01	141	495583	33932	5.07	3.83	322	168
2026-09-20 09:27:01	141	534408	22964	4.98	3.82	331	168
2026-09-20 09:27:02	141	572990	12053	4.74	3.62	350	168
2026-09-20 09:27:02	141	611074	1104	4.89	3.33	381	168
2026-09-20 09:45:02	142	495583	35013	4.95	3.84	322	168
2026-09-20 09:45:02	142	534408	24045	4.95	3.83	332	168
2026-09-20 09:45:03	142	572990	13134	4.96	3.75	343	168
2026-09-20 09:45:03	142	611074	2185	5.04	3.57	379	168
2026-09-20 10:03:33	143	495583	36124	4.97	3.85	322	168
2026-09-20 10:03:33	143	534408	25156	4.93	3.83	330	168
2026-09-20 10:03:33	143	572990	14245	4.94	3.81	338	168
2026-09-20 10:03:34	143	611074	3295	4.97	3.65	372	168
2026-09-20 10:21:34	144	495583	37205	4.84	3.74	323	168
2026-09-20 10:21:34	144	534408	26237	4.87	3.81	330	168
2026-09-20 10:21:34	144	572990	15325	4.80	3.71	336	168
2026-09-20 10:21:35	144	611074	4376	5.00	3.59	364	168
2026-09-20 10:39:35	145	495583	38286	4.98	3.86	323	168
2026-09-20 10:39:35	145	534408	27318	4.92	3.84	331	168
2026-09-20 10:39:35	145	572990	16406	4.76	3.67	336	168
2026-09-20 10:39:36	145	611074	5457	5.16	3.75	361	168
2026-09-20 10:58:06	146	495583	39397	4.77	3.67	324	168
2026-09-20 10:58:06	146	534408	28429	4.89	3.78	330	168
2026-09-20 10:58:06	146	572990	17517	4.65	3.60	335	168
2026-09-20 10:58:06	146	611074	6568	4.56	3.50	357	168
2026-09-20 11:16:37	147	495583	40508	4.92	3.80	324	168
2026-09-20 11:16:37	147	534408	29540	5.02	3.90	330	168
2026-09-20 11:16:37	147	572990	18628	4.78	3.74	334	168
2026-09-20 11:16:37	147	611074	7679	4.64	3.60	350	168
2026-09-20 11:34:38	148	495583	41589	5.11	3.84	324	168
2026-09-20 11:34:38	148	534408	30621	5.20	3.81	328	168
2026-09-20 11:34:38	148	572990	19709	4.87	3.66	328	168
2026-09-20 11:34:38	148	611074	8760	4.67	3.51	351	168
2026-09-20 11:52:39	149	495583	42670	5.11	3.83	324	168
2026-09-20 11:52:39	149	534408	31702	5.25	3.87	328	168
2026-09-20 11:52:39	149	572990	20790	4.87	3.67	329	168
2026-09-20 11:52:39	149	611074	9841	4.72	3.60	347	168
2026-09-20 12:11:10	150	534408	32813	5.34	3.96	329	168
2026-09-20 12:11:10	150	572990	21901	4.99	3.80	328	168
2026-09-20 12:11:10	150	611074	10952	4.84	3.66	344	168
2026-09-20 12:11:10	150	649102	20	3.70	2.23	400	168
2026-09-20 12:29:41	151	534408	33924	5.40	4.02	328	168
2026-09-20 12:29:41	151	572990	23012	5.02	3.86	328	168
2026-09-20 12:29:41	151	611074	12063	4.70	3.65	344	168
2026-09-20 12:29:41	151	649102	1131	4.97	3.39	381	168
2026-09-20 12:47:42	152	534408	35005	5.29	4.03	329	168
2026-09-20 12:47:42	152	572990	24093	5.14	3.94	328	168
2026-09-20 12:47:42	152	611074	13144	4.79	3.70	337	168
2026-09-20 12:47:42	152	649102	2212	5.23	3.64	368	168
2026-09-20 13:05:43	153	534408	36086	5.29	3.95	330	168
2026-09-20 13:05:43	153	572990	25174	4.96	3.90	327	168
2026-09-20 13:05:43	153	611074	14225	4.76	3.72	336	168
2026-09-20 13:05:43	153	649102	3292	4.88	3.58	367	168
2026-09-20 13:24:14	154	534408	37197	5.17	3.98	328	168
2026-09-20 13:24:14	154	572990	26285	5.03	3.92	329	168
2026-09-20 13:24:14	154	611074	15336	4.68	3.64	333	168
2026-09-20 13:24:14	154	649102	4403	5.02	3.70	359	168
2026-09-20 13:42:15	155	534408	38278	5.20	3.85	327	168
2026-09-20 13:42:15	155	572990	27366	5.01	3.75	328	168
2026-09-20 13:42:15	155	611074	16417	4.62	3.59	333	168
2026-09-20 13:42:15	155	649102	5484	4.66	3.56	359	168
2026-09-20 14:00:46	156	534408	39389	4.85	3.70	328	168
2026-09-20 14:00:46	156	572990	28477	4.78	3.72	328	168
2026-09-20 14:00:46	156	611074	17528	4.73	3.67	336	168
2026-09-20 14:00:46	156	649102	6595	4.74	3.50	358	168
2026-09-20 14:18:47	157	534408	40470	5.03	3.85	328	168
2026-09-20 14:18:47	157	572990	29558	4.90	3.84	327	168
2026-09-20 14:18:47	157	611074	18609	4.79	3.73	334	168
2026-09-20 14:18:47	157	649102	7676	4.95	3.56	357	168
2026-09-20 14:37:18	158	534408	41580	5.12	3.93	329	168
2026-09-20 14:37:18	158	572990	30669	5.03	3.96	328	168
2026-09-20 14:37:18	158	611074	19720	4.89	3.83	333	168
2026-09-20 14:37:18	158	649102	8787	4.78	3.68	355	168
2026-09-20 14:55:18	159	534408	42661	5.37	4.04	328	168
2026-09-20 14:55:19	159	572990	31750	5.14	3.88	326	168
2026-09-20 14:55:19	159	611074	20801	5.04	3.84	333	168
2026-09-20 14:55:19	159	649102	9868	4.92	3.77	352	168
2026-09-20 15:13:19	160	572990	32831	5.04	3.87	328	168
2026-09-20 15:13:20	160	611074	21881	5.04	3.92	332	168
2026-09-20 15:13:20	160	649102	10949	4.77	3.67	350	168
2026-09-20 15:13:20	160	687243	15	3.65	2.19	401	168
2026-09-20 15:31:50	161	572990	33942	5.00	3.88	328	168
2026-09-20 15:31:51	161	611074	22992	5.37	3.97	333	168
2026-09-20 15:31:51	161	649102	12060	4.79	3.69	346	168
2026-09-20 15:31:51	161	687243	1126	4.95	3.24	382	168
2026-09-20 15:50:21	162	572990	35053	4.91	3.80	327	168
2026-09-20 15:50:22	162	611074	24103	4.87	3.79	331	168
2026-09-20 15:50:22	162	649102	13171	4.65	3.60	342	168
2026-09-20 15:50:22	162	687243	2237	5.24	3.59	379	168
2026-09-20 16:08:22	163	572990	36133	4.99	3.86	327	168
2026-09-20 16:08:23	163	611074	25184	4.97	3.89	331	168
2026-09-20 16:08:23	163	649102	14252	4.74	3.68	340	168
2026-09-20 16:08:23	163	687243	3318	5.03	3.71	374	168
2026-09-20 16:26:23	164	572990	37214	4.82	3.70	327	168
2026-09-20 16:26:24	164	611074	26265	4.77	3.71	326	168
2026-09-20 16:26:24	164	649102	15333	4.77	3.72	337	168
2026-09-20 16:26:24	164	687243	4399	4.63	3.54	369	168
2026-09-20 16:44:54	165	572990	38325	4.81	3.70	327	168
2026-09-20 16:44:54	165	611074	27376	4.92	3.82	326	168
2026-09-20 16:44:55	165	649102	16444	4.86	3.81	333	168
2026-09-20 16:44:55	165	687243	5510	5.06	3.70	366	168
2026-09-20 17:02:55	166	572990	39406	5.13	3.79	327	168
2026-09-20 17:02:55	166	611074	28457	5.11	3.86	326	168
2026-09-20 17:02:56	166	649102	17525	5.06	3.86	332	168
2026-09-20 17:02:56	166	687243	6591	4.93	3.72	362	168
2026-09-20 17:20:56	167	572990	40487	5.00	3.89	325	168
2026-09-20 17:20:56	167	611074	29538	5.01	3.89	329	168
2026-09-20 17:20:56	167	649102	18606	5.01	3.95	334	168
2026-09-20 17:20:57	167	687243	7672	4.88	3.79	357	168
2026-09-20 17:39:27	168	572990	41598	5.17	3.92	325	168
2026-09-20 17:39:27	168	611074	30649	5.08	3.95	329	168
2026-09-20 17:39:27	168	649102	19717	5.01	3.89	330	168
2026-09-20 17:39:28	168	687243	8783	4.87	3.79	352	168
2026-09-20 17:57:28	169	572990	42679	5.19	3.96	329	168
2026-09-20 17:57:28	169	611074	31730	5.26	3.99	332	168
2026-09-20 17:57:28	169	649102	20798	5.13	3.89	329	168
2026-09-20 17:57:29	169	687243	9864	4.87	3.73	350	168
2026-09-20 18:15:59	170	611074	32841	5.08	3.97	329	168
2026-09-20 18:15:59	170	649102	21908	5.21	3.95	327	168
2026-09-20 18:15:59	170	687243	10975	5.03	3.81	346	168
2026-09-20 18:16:00	170	725877	28	3.77	2.29	395	168
2026-09-20 18:34:00	171	611074	33922	5.12	3.99	329	168
2026-09-20 18:34:00	171	649102	22989	5.18	3.95	326	168
2026-09-20 18:34:00	171	687243	12056	5.02	3.84	340	168
2026-09-20 18:34:00	171	725877	1109	5.09	3.37	378	168
2026-09-20 18:52:31	172	611074	35033	5.31	4.06	329	168
2026-09-20 18:52:31	172	649102	24100	5.03	3.92	325	168
2026-09-20 18:52:31	172	687243	13167	5.03	3.93	337	168
2026-09-20 18:52:31	172	725877	2220	4.79	3.52	372	168
2026-09-20 19:10:32	173	611074	36114	5.20	4.05	330	168
2026-09-20 19:10:32	173	649102	25181	5.05	3.94	324	168
2026-09-20 19:10:32	173	687243	14248	5.16	4.03	332	168
2026-09-20 19:10:32	173	725877	3301	4.88	3.60	370	168
2026-09-20 19:29:03	174	611074	37225	5.22	4.09	329	168
2026-09-20 19:29:03	174	649102	26292	5.05	3.92	323	168
2026-09-20 19:29:03	174	687243	15359	5.40	3.99	331	168
2026-09-20 19:29:03	174	725877	4412	4.97	3.67	366	168
2026-09-20 19:47:34	175	611074	38336	5.21	4.09	328	168
2026-09-20 19:47:34	175	649102	27403	5.02	3.89	323	168
2026-09-20 19:47:34	175	687243	16469	5.05	3.92	330	168
2026-09-20 19:47:34	175	725877	5523	5.06	3.77	364	168
2026-09-20 20:05:35	176	611074	39417	5.13	4.00	328	168
2026-09-20 20:05:35	176	649102	28484	5.07	3.95	323	168
2026-09-20 20:05:35	176	687243	17550	5.12	3.98	329	168
2026-09-20 20:05:35	176	725877	6604	5.08	3.79	361	168
2026-09-20 20:23:36	177	611074	40498	5.16	3.98	329	168
2026-09-20 20:23:36	177	649102	29565	4.92	3.80	323	168
2026-09-20 20:23:36	177	687243	18631	4.95	3.83	328	168
2026-09-20 20:23:36	177	725877	7685	4.85	3.75	357	168
2026-09-20 20:42:07	178	611074	41609	5.14	4.02	331	168
2026-09-20 20:42:07	178	649102	30676	4.88	3.76	323	168
2026-09-20 20:42:07	178	687243	19742	5.03	3.91	328	168
2026-09-20 20:42:07	178	725877	8796	4.91	3.79	355	168
2026-09-20 21:00:08	179	611074	42690	5.37	4.05	331	168
2026-09-20 21:00:08	179	649102	31757	4.97	3.85	322	168
2026-09-20 21:00:08	179	687243	20823	5.25	3.97	327	168
2026-09-20 21:00:08	179	725877	9877	4.94	3.71	350	168
2026-09-20 21:18:39	180	649102	32868	4.87	3.77	323	168
2026-09-20 21:18:39	180	687243	21934	5.01	3.77	329	168
2026-09-20 21:18:39	180	725877	10988	4.91	3.61	348	168
2026-09-20 21:18:39	180	764149	17	3.67	2.20	399	168
2026-09-20 21:37:10	181	649102	33979	4.89	3.65	323	168
2026-09-20 21:37:10	181	687243	23045	4.86	3.78	329	168
2026-09-20 21:37:10	181	725877	12098	4.59	3.46	342	168
2026-09-20 21:37:10	181	764149	1128	4.57	3.31	384	168
2026-09-20 21:55:11	182	649102	35060	5.15	3.88	323	168
2026-09-20 21:55:11	182	687243	24126	5.02	3.88	329	168
2026-09-20 21:55:11	182	725877	13179	4.70	3.56	341	168
2026-09-20 21:55:11	182	764149	2209	4.87	3.60	381	168
2026-09-20 22:13:11	183	649102	36141	5.15	3.91	322	168
2026-09-20 22:13:12	183	687243	25207	5.21	4.00	326	168
2026-09-20 22:13:12	183	725877	14260	4.67	3.53	339	168
2026-09-20 22:13:12	183	764149	3290	4.92	3.64	379	168
2026-09-20 22:31:12	184	649102	37222	5.15	3.89	323	168
2026-09-20 22:31:13	184	687243	26288	5.07	3.95	325	168
2026-09-20 22:31:13	184	725877	15341	4.76	3.65	336	168
2026-09-20 22:31:13	184	764149	4371	4.98	3.72	379	168
2026-09-20 22:49:43	185	649102	38333	5.02	3.89	322	168
2026-09-20 22:49:43	185	687243	27399	5.13	3.97	326	168
2026-09-20 22:49:44	185	725877	16452	4.85	3.69	331	168
2026-09-20 22:49:44	185	764149	5482	5.28	3.73	372	168
2026-09-20 23:07:44	186	649102	39413	5.12	3.88	322	168
2026-09-20 23:07:44	186	687243	28480	5.21	4.07	325	168
2026-09-20 23:07:45	186	725877	17533	5.04	3.87	330	168
2026-09-20 23:07:45	186	764149	6563	5.08	3.77	368	168
2026-09-20 23:25:45	187	649102	40494	5.00	3.86	322	168
2026-09-20 23:25:45	187	687243	29561	5.10	3.97	324	168
2026-09-20 23:25:45	187	725877	18614	4.94	3.77	328	168
2026-09-20 23:25:46	187	764149	7644	4.85	3.75	364	168
2026-09-20 23:44:16	188	649102	41605	5.10	3.98	322	168
2026-09-20 23:44:16	188	687243	30672	5.13	3.98	325	168
2026-09-20 23:44:16	188	725877	19725	4.90	3.73	327	168
2026-09-20 23:44:17	188	764149	8755	5.09	3.82	360	168
2026-09-21 00:02:17	189	649102	42686	5.05	3.93	322	168
2026-09-21 00:02:17	189	687243	31752	5.36	3.96	325	168
2026-09-21 00:02:17	189	725877	20806	4.91	3.74	328	168
2026-09-21 00:02:17	189	764149	9836	5.11	3.85	360	168
2026-09-21 00:20:18	190	687243	32833	5.13	3.98	325	168
2026-09-21 00:20:18	190	725877	21887	4.98	3.82	328	168
2026-09-21 00:20:18	190	764149	10916	5.05	3.92	357	168
2026-09-21 00:20:18	190	802410	3	0.59	0.06	132	73
2026-09-21 00:38:49	191	687243	33944	5.08	3.81	325	168
2026-09-21 00:38:49	191	725877	22998	5.20	3.78	326	168
2026-09-21 00:38:49	191	764149	12027	4.77	3.66	349	168
2026-09-21 00:38:49	191	802410	1114	5.11	3.44	379	168
2026-09-21 00:57:20	192	687243	35055	4.96	3.81	325	168
2026-09-21 00:57:20	192	725877	24109	4.86	3.74	328	168
2026-09-21 00:57:20	192	764149	13138	4.65	3.56	343	168
2026-09-21 00:57:20	192	802410	2225	4.67	3.52	378	168
2026-09-21 01:15:21	193	687243	36136	5.11	3.97	326	168
2026-09-21 01:15:21	193	725877	25189	4.87	3.75	328	168
2026-09-21 01:15:21	193	764149	14219	4.82	3.72	339	168
2026-09-21 01:15:21	193	802410	3306	4.76	3.60	372	168
2026-09-21 01:33:52	194	687243	37247	5.37	3.95	325	168
2026-09-21 01:33:52	194	725877	26300	4.98	3.81	327	168
2026-09-21 01:33:52	194	764149	15330	5.02	3.77	338	168
2026-09-21 01:33:52	194	802410	4417	4.89	3.65	367	168
2026-09-21 01:52:23	195	687243	38358	5.17	4.03	326	168
2026-09-21 01:52:23	195	725877	27411	4.97	3.85	327	168
2026-09-21 01:52:23	195	764149	16441	4.75	3.67	336	168
2026-09-21 01:52:23	195	802410	5528	4.87	3.71	365	168
2026-09-21 02:10:24	196	687243	39439	5.26	3.99	327	168
2026-09-21 02:10:24	196	725877	28492	5.12	3.87	329	168
2026-09-21 02:10:24	196	764149	17522	4.83	3.72	331	168
2026-09-21 02:10:24	196	802410	6609	4.87	3.71	361	168
2026-09-21 02:28:55	197	687243	40550	5.13	3.99	326	168
2026-09-21 02:28:55	197	725877	29603	5.07	3.92	329	168
2026-09-21 02:28:55	197	764149	18633	4.92	3.83	329	168
2026-09-21 02:28:55	197	802410	7720	4.95	3.79	354	168
2026-09-21 02:46:55	198	687243	41631	5.23	4.09	326	168
2026-09-21 02:46:56	198	725877	30684	5.14	3.98	329	168
2026-09-21 02:46:56	198	764149	19714	4.98	3.88	329	168
2026-09-21 02:46:56	198	802410	8801	5.26	3.80	351	168
2026-09-21 03:04:57	199	687243	42712	5.46	4.16	325	168
2026-09-21 03:04:57	199	725877	31765	5.03	3.84	327	168
2026-09-21 03:04:57	199	764149	20795	4.79	3.69	327	168
2026-09-21 03:04:57	199	802410	9882	5.00	3.87	351	168
2026-09-21 03:23:27	200	725877	32876	5.04	3.88	327	168
2026-09-21 03:23:28	200	764149	21906	4.89	3.76	326	168
2026-09-21 03:23:28	200	802410	10993	4.95	3.81	349	168
2026-09-21 03:23:28	200	840997	24	3.64	2.15	401	168
2026-09-21 03:41:58	201	725877	33987	4.81	3.72	327	168
2026-09-21 03:41:58	201	764149	23016	4.79	3.57	325	168
2026-09-21 03:41:59	201	802410	12103	4.87	3.58	343	168
2026-09-21 03:41:59	201	840997	1135	4.93	3.27	374	168
2026-09-21 03:59:59	202	725877	35068	5.03	3.88	328	168
2026-09-21 03:59:59	202	764149	24097	5.12	3.76	327	168
2026-09-21 03:59:59	202	802410	13184	4.75	3.57	336	168
2026-09-21 04:00:00	202	840997	2216	4.91	3.50	373	168
2026-09-21 04:18:30	203	725877	36179	5.16	3.89	327	168
2026-09-21 04:18:30	203	764149	25208	5.10	3.84	327	168
2026-09-21 04:18:30	203	802410	14295	5.01	3.70	334	168
2026-09-21 04:18:31	203	840997	3327	5.47	3.68	368	168
2026-09-21 04:36:31	204	725877	37260	4.92	3.80	327	168
2026-09-21 04:36:31	204	764149	26289	4.81	3.75	326	168
2026-09-21 04:36:31	204	802410	15376	4.72	3.57	330	168
2026-09-21 04:36:31	204	840997	4408	4.82	3.70	365	168
2026-09-21 04:54:32	205	725877	38341	4.85	3.74	327	168
2026-09-21 04:54:32	205	764149	27370	4.78	3.68	323	168
2026-09-21 04:54:32	205	802410	16457	4.66	3.50	329	168
2026-09-21 04:54:32	205	840997	5488	5.02	3.67	361	168
2026-09-21 05:12:33	206	725877	39422	5.30	3.90	327	168
2026-09-21 05:12:33	206	764149	28451	4.84	3.74	324	168
2026-09-21 05:12:33	206	802410	17538	4.81	3.63	329	168
2026-09-21 05:12:33	206	840997	6569	4.84	3.66	358	168
2026-09-21 05:30:34	207	725877	40503	5.07	3.83	327	168
2026-09-21 05:30:34	207	764149	29532	5.05	3.82	325	168
2026-09-21 05:30:34	207	802410	18619	4.87	3.56	327	168
2026-09-21 05:30:34	207	840997	7650	4.74	3.60	356	168
2026-09-21 05:49:05	208	725877	41613	5.21	3.96	328	168
2026-09-21 05:49:05	208	764149	30643	4.92	3.83	323	168
2026-09-21 05:49:05	208	802410	19730	4.97	3.63	326	168
2026-09-21 05:49:05	208	840997	8761	5.02	3.73	355	168
2026-09-21 06:07:06	209	725877	42694	5.04	3.88	327	168
2026-09-21 06:07:06	209	764149	31724	5.05	3.68	323	168
2026-09-21 06:07:06	209	802410	20811	4.89	3.60	326	168
2026-09-21 06:07:06	209	840997	9842	4.86	3.60	352	168
2026-09-21 06:25:07	210	764149	32805	4.95	3.84	323	168
2026-09-21 06:25:07	210	802410	21892	4.87	3.68	325	168
2026-09-21 06:25:07	210	840997	10923	4.76	3.63	353	168
2026-09-21 06:25:07	210	879055	4	0.59	0.06	132	73
2026-09-21 06:44:08	211	764149	33946	5.23	3.97	325	168
2026-09-21 06:44:08	211	802410	23033	5.01	3.68	325	168
2026-09-21 06:44:08	211	840997	12064	4.90	3.66	354	168
2026-09-21 06:44:08	211	879055	1145	5.58	3.33	378	168
2026-09-21 07:02:08	212	764149	35027	4.90	3.79	323	168
2026-09-21 07:02:09	212	802410	24113	4.93	3.74	325	168
2026-09-21 07:02:09	212	840997	13145	4.70	3.61	345	168
2026-09-21 07:02:09	212	879055	2225	4.97	3.52	371	168
2026-09-21 07:20:39	213	764149	36137	5.03	3.91	322	168
2026-09-21 07:20:39	213	802410	25224	4.97	3.78	325	168
2026-09-21 07:20:40	213	840997	14256	4.78	3.70	337	168
2026-09-21 07:20:40	213	879055	3336	5.30	3.66	365	168
2026-09-21 07:39:10	214	764149	37248	5.15	3.92	323	168
2026-09-21 07:39:10	214	802410	26335	5.09	3.78	323	168
2026-09-21 07:39:11	214	840997	15367	5.33	3.74	335	168
2026-09-21 07:39:11	214	879055	4447	4.96	3.67	360	168
2026-09-21 07:57:41	215	764149	38359	5.21	3.96	320	168
2026-09-21 07:57:41	215	802410	27446	5.02	3.82	323	168
2026-09-21 07:57:42	215	840997	16478	4.81	3.74	332	168
2026-09-21 07:57:42	215	879055	5558	4.98	3.69	355	168
2026-09-21 08:15:42	216	764149	39440	5.18	3.94	320	168
2026-09-21 08:15:42	216	802410	28527	5.17	3.94	323	168
2026-09-21 08:15:42	216	840997	17559	4.88	3.80	331	168
2026-09-21 08:15:43	216	879055	6639	4.99	3.70	352	168
2026-09-21 08:33:43	217	764149	40521	4.68	3.61	320	168
2026-09-21 08:33:43	217	802410	29608	4.67	3.58	324	168
2026-09-21 08:33:43	217	840997	18639	4.46	3.42	332	168
2026-09-21 08:33:43	217	879055	7720	4.50	3.38	348	168
2026-09-21 08:52:14	218	764149	41632	4.90	3.79	324	168
2026-09-21 08:52:14	218	802410	30719	4.83	3.67	324	168
2026-09-21 08:52:14	218	840997	19750	4.76	3.69	329	168
2026-09-21 08:52:14	218	879055	8831	4.68	3.56	347	168
2026-09-21 09:10:15	219	764149	42713	5.06	3.86	320	168
2026-09-21 09:10:15	219	802410	31800	4.89	3.76	323	168
2026-09-21 09:10:15	219	840997	20831	4.98	3.77	328	168
2026-09-21 09:10:15	219	879055	9912	4.76	3.64	342	168
2026-09-21 09:28:16	220	802410	32881	5.00	3.71	325	168
2026-09-21 09:28:16	220	840997	21912	5.04	3.85	329	168
2026-09-21 09:28:16	220	879055	10993	4.82	3.68	342	168
2026-09-21 09:28:16	220	917634	11	3.69	2.22	400	168
2026-09-21 09:46:47	221	802410	33992	4.64	3.52	323	168
2026-09-21 09:46:47	221	840997	23023	4.46	3.40	328	168
2026-09-21 09:46:47	221	879055	12104	4.50	3.42	338	168
2026-09-21 09:46:47	221	917634	1122	4.22	3.15	379	168
2026-09-21 10:04:48	222	802410	35072	4.78	3.66	323	168
2026-09-21 10:04:48	222	840997	24104	4.79	3.66	328	168
2026-09-21 10:04:48	222	879055	13184	4.64	3.52	336	168
2026-09-21 10:04:48	222	917634	2203	4.47	3.39	378	168
2026-09-21 10:22:49	223	802410	36153	4.93	3.69	325	168
2026-09-21 10:22:49	223	840997	25185	4.86	3.72	327	168
2026-09-21 10:22:49	223	879055	14265	4.66	3.56	333	168
2026-09-21 10:22:49	223	917634	3284	4.65	3.54	370	168
2026-09-21 10:41:19	224	802410	37264	4.70	3.62	325	168
2026-09-21 10:41:20	224	840997	26296	4.83	3.70	326	168
2026-09-21 10:41:20	224	879055	15376	4.83	3.46	331	168
2026-09-21 10:41:20	224	917634	4395	4.63	3.44	369	168
2026-09-21 10:59:20	225	802410	38345	4.95	3.71	325	168
2026-09-21 10:59:21	225	840997	27377	4.86	3.73	325	168
2026-09-21 10:59:21	225	879055	16457	4.80	3.68	332	168
2026-09-21 10:59:21	225	917634	5476	4.69	3.58	362	168
2026-09-21 11:17:21	226	802410	39426	4.78	3.64	325	168
2026-09-21 11:17:21	226	840997	28458	5.18	3.76	325	168
2026-09-21 11:17:22	226	879055	17538	4.81	3.58	330	168
2026-09-21 11:17:22	226	917634	6557	4.76	3.51	363	168
2026-09-21 11:35:22	227	802410	40507	4.76	3.63	325	168
2026-09-21 11:35:22	227	840997	29538	4.83	3.72	325	168
2026-09-21 11:35:22	227	879055	18619	4.63	3.53	329	168
2026-09-21 11:35:23	227	917634	7638	4.90	3.54	357	168
2026-09-21 11:53:53	228	802410	41618	4.96	3.64	325	168
2026-09-21 11:53:53	228	840997	30649	4.90	3.76	324	168
2026-09-21 11:53:53	228	879055	19730	4.72	3.63	327	168
2026-09-21 11:53:54	228	917634	8749	4.72	3.64	348	168
2026-09-21 12:11:54	229	802410	42699	4.93	3.77	326	168
2026-09-21 12:11:54	229	840997	31730	4.94	3.80	324	168
2026-09-21 12:11:54	229	879055	20811	4.81	3.72	326	168
2026-09-21 12:11:55	229	917634	9829	5.11	3.67	349	168
2026-09-21 12:30:25	230	840997	32841	4.92	3.78	324	168
2026-09-21 12:30:25	230	879055	21922	4.80	3.70	325	168
2026-09-21 12:30:25	230	917634	10940	4.86	3.70	343	168
2026-09-21 12:30:25	230	961876	22	3.68	2.20	397	168
2026-09-21 12:48:26	231	840997	33922	4.95	3.80	324	168
2026-09-21 12:48:26	231	879055	23003	4.76	3.67	326	168
2026-09-21 12:48:26	231	917634	12021	4.83	3.56	342	168
2026-09-21 12:48:26	231	961876	1103	4.86	3.32	378	168
2026-09-21 13:06:27	232	840997	35003	5.28	3.99	323	168
2026-09-21 13:06:27	232	879055	24084	4.85	3.76	324	168
2026-09-21 13:06:27	232	917634	13102	4.81	3.65	336	168
2026-09-21 13:06:27	232	961876	2184	4.91	3.51	376	168
2026-09-21 13:24:58	233	840997	36114	4.85	3.77	324	168
2026-09-21 13:24:58	233	879055	25195	4.75	3.67	324	168
2026-09-21 13:24:58	233	917634	14213	4.70	3.55	335	168
2026-09-21 13:24:58	233	961876	3295	4.91	3.71	376	168
2026-09-21 13:42:59	234	840997	37195	4.93	3.84	323	168
2026-09-21 13:42:59	234	879055	26275	4.79	3.70	323	168
2026-09-21 13:42:59	234	917634	15294	4.68	3.54	333	168
2026-09-21 13:42:59	234	961876	4376	4.95	3.72	373	168
2026-09-21 14:01:00	235	840997	38276	4.76	3.68	323	168
2026-09-21 14:01:00	235	879055	27356	4.79	3.68	325	168
2026-09-21 14:01:00	235	917634	16375	4.64	3.54	331	168
2026-09-21 14:01:00	235	961876	5457	4.66	3.55	371	168
2026-09-21 14:19:31	236	840997	39387	4.94	3.72	323	168
2026-09-21 14:19:31	236	879055	28467	4.98	3.72	323	168
2026-09-21 14:19:31	236	917634	17486	4.65	3.55	325	168
2026-09-21 14:19:31	236	961876	6568	4.66	3.54	366	168
2026-09-21 14:37:32	237	840997	40468	4.95	3.73	323	168
2026-09-21 14:37:32	237	879055	29548	4.86	3.70	322	168
2026-09-21 14:37:32	237	917634	18567	4.82	3.71	329	168
2026-09-21 14:37:32	237	961876	7649	4.85	3.65	362	168
2026-09-21 14:55:33	238	840997	41549	4.92	3.84	323	168
2026-09-21 14:55:33	238	879055	30629	4.97	3.84	322	168
2026-09-21 14:55:33	238	917634	19648	4.92	3.76	326	168
2026-09-21 14:55:33	238	961876	8730	4.84	3.63	361	168
2026-09-21 15:13:34	239	840997	42630	5.00	3.78	324	168
2026-09-21 15:13:34	239	879055	31710	5.02	3.82	322	168
2026-09-21 15:13:34	239	917634	20729	4.92	3.75	324	168
2026-09-21 15:13:34	239	961876	9811	4.87	3.66	359	168
2026-09-21 15:32:04	240	879055	32821	4.92	3.76	322	168
2026-09-21 15:32:05	240	917634	21840	4.81	3.69	323	168
2026-09-21 15:32:05	240	961876	10922	4.74	3.60	353	168
2026-09-21 15:32:05	240	1000477	29	4.08	2.32	394	168
2026-09-21 15:50:05	241	879055	33902	5.01	3.84	323	168
2026-09-21 15:50:05	241	917634	22920	4.84	3.74	323	168
2026-09-21 15:50:06	241	961876	12003	4.76	3.63	350	168
2026-09-21 15:50:06	241	1000477	1109	4.89	3.34	377	168
2026-09-21 16:08:36	242	879055	35013	5.09	3.91	323	168
2026-09-21 16:08:36	242	917634	24031	4.93	3.81	323	168
2026-09-21 16:08:36	242	961876	13114	4.92	3.78	348	168
2026-09-21 16:08:37	242	1000477	2220	5.17	3.60	376	168
2026-09-21 16:27:07	243	879055	36124	5.09	3.65	321	168
2026-09-21 16:27:07	243	917634	25142	4.90	3.65	321	168
2026-09-21 16:27:07	243	961876	14225	4.93	3.73	341	168
2026-09-21 16:27:08	243	1000477	3331	5.22	3.62	373	168
2026-09-21 16:45:08	244	879055	37205	4.83	3.68	322	168
2026-09-21 16:45:08	244	917634	26223	4.76	3.62	320	168
2026-09-21 16:45:08	244	961876	15305	4.63	3.60	340	168
2026-09-21 16:45:09	244	1000477	4412	4.54	3.39	368	168
2026-09-21 17:03:39	245	879055	38316	4.97	3.71	323	168
2026-09-21 17:03:39	245	917634	27334	4.85	3.71	320	168
2026-09-21 17:03:39	245	961876	16416	4.63	3.58	339	168
2026-09-21 17:03:39	245	1000477	5523	4.60	3.41	363	168
2026-09-21 17:21:40	246	879055	39397	4.92	3.77	321	168
2026-09-21 17:21:40	246	917634	28415	4.87	3.77	320	168
2026-09-21 17:21:40	246	961876	17497	4.75	3.69	337	168
2026-09-21 17:21:40	246	1000477	6604	4.69	3.50	361	168
2026-09-21 17:39:41	247	879055	40478	4.96	3.81	322	168
2026-09-21 17:39:41	247	917634	29496	4.97	3.79	320	168
2026-09-21 17:39:41	247	961876	18578	4.78	3.69	338	168
2026-09-21 17:39:41	247	1000477	7685	4.70	3.56	358	168
2026-09-21 17:57:42	248	879055	41559	4.66	3.56	322	168
2026-09-21 17:57:42	248	917634	30577	4.71	3.60	322	168
2026-09-21 17:57:42	248	961876	19659	4.66	3.56	338	168
2026-09-21 17:57:42	248	1000477	8766	4.52	3.41	358	168
2026-09-21 18:16:13	249	879055	42669	4.82	3.68	321	168
2026-09-21 18:16:13	249	917634	31688	4.87	3.75	320	168
2026-09-21 18:16:13	249	961876	20770	4.76	3.66	337	168
2026-09-21 18:16:13	249	1000477	9877	4.71	3.54	355	168
2026-09-21 18:34:14	250	917634	32769	4.88	3.73	320	168
2026-09-21 18:34:14	250	961876	21851	4.66	3.59	334	168
2026-09-21 18:34:14	250	1000477	10958	4.60	3.45	353	168
2026-09-21 18:34:14	250	1038987	9	3.62	2.16	402	168
2026-09-21 18:52:45	251	917634	33880	4.92	3.74	322	168
2026-09-21 18:52:45	251	961876	22962	4.82	3.72	333	168
2026-09-21 18:52:45	251	1000477	12069	4.72	3.57	343	168
2026-09-21 18:52:45	251	1038987	1120	4.64	3.35	382	168
2026-09-21 19:10:46	252	917634	34961	5.01	3.77	320	168
2026-09-21 19:10:46	252	961876	24043	4.88	3.66	333	168
2026-09-21 19:10:46	252	1000477	13150	4.63	3.42	343	168
2026-09-21 19:10:46	252	1038987	2201	4.69	3.53	377	168
2026-09-21 19:28:47	253	917634	36042	4.99	3.88	322	168
2026-09-21 19:28:47	253	961876	25124	4.85	3.78	333	168
2026-09-21 19:28:47	253	1000477	14231	4.73	3.57	337	168
2026-09-21 19:28:47	253	1038987	3282	4.81	3.66	372	168
2026-09-21 19:46:48	254	917634	37123	4.89	3.77	321	168
2026-09-21 19:46:48	254	961876	26205	4.78	3.70	332	168
2026-09-21 19:46:48	254	1000477	15312	4.64	3.49	335	168
2026-09-21 19:46:48	254	1038987	4363	4.63	3.51	367	168
2026-09-21 20:04:48	255	917634	38203	5.08	3.90	319	168
2026-09-21 20:04:49	255	961876	27286	4.98	3.76	329	168
2026-09-21 20:04:49	255	1000477	16392	4.83	3.65	332	168
2026-09-21 20:04:49	255	1038987	5444	4.63	3.50	366	168
2026-09-21 20:23:19	256	917634	39314	5.00	3.85	319	168
2026-09-21 20:23:20	256	961876	28397	4.94	3.86	329	168
2026-09-21 20:23:20	256	1000477	17503	4.78	3.57	330	168
2026-09-21 20:23:20	256	1038987	6555	4.67	3.56	364	168
2026-09-21 20:41:20	257	917634	40395	4.83	3.71	318	168
2026-09-21 20:41:20	257	961876	29478	5.09	3.73	329	168
2026-09-21 20:41:21	257	1000477	18584	4.82	3.50	326	168
2026-09-21 20:41:21	257	1038987	7636	4.65	3.51	361	168
2026-09-21 20:59:51	258	917634	41506	4.78	3.63	319	168
2026-09-21 20:59:51	258	961876	30588	4.92	3.85	329	168
2026-09-21 20:59:51	258	1000477	19695	4.83	3.69	324	168
2026-09-21 20:59:52	258	1038987	8746	4.62	3.49	361	168
2026-09-21 21:17:52	259	917634	42587	4.92	3.76	318	168
2026-09-21 21:17:52	259	961876	31669	4.92	3.84	328	168
2026-09-21 21:17:52	259	1000477	20776	4.81	3.67	324	168
2026-09-21 21:17:53	259	1038987	9827	4.88	3.60	361	168
2026-09-21 21:35:53	260	961876	32750	4.99	3.91	328	168
2026-09-21 21:35:53	260	1000477	21857	4.93	3.76	326	168
2026-09-21 21:35:53	260	1038987	10908	4.81	3.66	359	168
2026-09-21 21:35:53	260	1077183	4	0.60	0.05	131	73
2026-09-21 21:54:24	261	961876	33861	4.98	3.90	328	168
2026-09-21 21:54:24	261	1000477	22968	4.94	3.76	323	168
2026-09-21 21:54:24	261	1038987	12019	4.77	3.64	352	168
2026-09-21 21:54:24	261	1077183	1115	5.06	3.39	380	168
2026-09-21 22:12:25	262	961876	34942	4.83	3.76	331	168
2026-09-21 22:12:25	262	1000477	24049	4.78	3.67	323	168
2026-09-21 22:12:25	262	1038987	13100	4.95	3.52	347	168
2026-09-21 22:12:25	262	1077183	2196	4.70	3.40	373	168
2026-09-21 22:30:26	263	961876	36023	5.19	3.85	327	168
2026-09-21 22:30:26	263	1000477	25130	4.88	3.73	323	168
2026-09-21 22:30:26	263	1038987	14181	4.97	3.69	343	168
2026-09-21 22:30:26	263	1077183	3277	4.70	3.53	369	168
2026-09-22 02:15:28	264	26833	1198	4.79	3.19	383	168
2026-09-22 02:15:28	264	26918	1196	5.24	3.41	370	168
2026-09-22 02:15:28	264	27115	1192	5.12	3.37	379	168
2026-09-22 02:15:28	264	27305	1189	5.17	3.48	370	168
2026-09-22 02:34:59	265	26833	2369	4.57	3.13	385	168
2026-09-22 02:34:59	265	26918	2366	4.82	3.41	362	168
2026-09-22 02:34:59	265	27115	2363	4.95	3.35	366	168
2026-09-22 02:34:59	265	27305	2360	4.87	3.26	357	168
2026-09-22 02:55:00	266	26833	3570	4.91	3.43	384	168
2026-09-22 02:55:00	266	26918	3567	4.95	3.55	357	168
2026-09-22 02:55:00	266	27115	3564	4.95	3.54	351	168
2026-09-22 02:55:00	266	27305	3560	5.24	3.61	350	168
2026-09-22 03:14:31	267	26833	4741	5.34	3.59	384	168
2026-09-22 03:14:31	267	26918	4738	5.22	3.66	352	168
2026-09-22 03:14:31	267	27115	4735	5.18	3.63	346	168
2026-09-22 03:14:31	267	27305	4731	5.16	3.68	344	168
2026-09-22 03:34:01	268	26833	5912	5.11	3.62	382	168
2026-09-22 03:34:01	268	26918	5909	5.19	3.71	346	168
2026-09-22 03:34:02	268	27115	5906	5.37	3.72	338	168
2026-09-22 03:34:02	268	27305	5902	5.29	3.75	340	168
2026-09-22 03:53:32	269	26833	7083	5.09	3.59	377	168
2026-09-22 03:53:32	269	26918	7080	5.30	3.81	343	168
2026-09-22 03:53:32	269	27115	7076	5.11	3.72	336	168
2026-09-22 03:53:33	269	27305	7073	5.54	3.74	337	168
2026-09-22 04:13:03	270	26918	8251	5.32	3.83	339	168
2026-09-22 04:13:03	270	27115	8247	5.27	3.80	333	168
2026-09-22 04:13:03	270	27305	8244	5.54	3.78	338	168
2026-09-22 04:13:03	270	62804	18	3.85	2.23	399	168
2026-09-22 04:32:34	271	26918	9422	5.42	3.79	337	168
2026-09-22 04:32:34	271	27115	9418	5.30	3.77	329	168
2026-09-22 04:32:34	271	27305	9415	5.30	3.77	333	168
2026-09-22 04:32:34	271	62804	1189	4.91	3.28	383	168
2026-09-22 04:52:05	272	26918	10592	5.36	3.88	336	168
2026-09-22 04:52:05	272	27115	10589	5.34	3.76	329	168
2026-09-22 04:52:05	272	27305	10586	5.67	3.85	332	168
2026-09-22 04:52:05	272	62804	2360	5.35	3.56	384	168
2026-09-22 05:11:36	273	26918	11763	5.37	3.88	333	168
2026-09-22 05:11:36	273	27115	11760	5.27	3.71	328	168
2026-09-22 05:11:36	273	27305	11756	5.76	3.94	331	168
2026-09-22 05:11:36	273	62804	3530	5.47	3.66	383	168
2026-09-22 05:31:07	274	26918	12934	5.37	3.88	330	168
2026-09-22 05:31:07	274	27115	12931	5.41	3.84	328	168
2026-09-22 05:31:07	274	27305	12927	5.43	3.90	329	168
2026-09-22 05:31:07	274	62804	4701	5.51	3.61	376	168
2026-09-22 05:50:37	275	26918	14105	5.39	3.89	330	168
2026-09-22 05:50:38	275	27115	14102	5.36	3.80	328	168
2026-09-22 05:50:38	275	27305	14098	5.41	3.88	328	168
2026-09-22 05:50:38	275	62804	5872	5.46	3.70	379	168
2026-09-22 06:10:38	276	26918	15306	5.50	4.00	325	168
2026-09-22 06:10:39	276	27115	15302	5.33	3.76	327	168
2026-09-22 06:10:39	276	27305	15299	5.40	3.86	325	168
2026-09-22 06:10:39	276	62804	7073	5.45	3.70	374	168
2026-09-22 06:30:09	277	26918	16477	5.49	3.99	325	168
2026-09-22 06:30:09	277	27115	16473	5.46	3.91	327	168
2026-09-22 06:30:10	277	27305	16470	5.39	3.87	325	168
2026-09-22 06:30:10	277	62804	8244	5.58	3.77	376	168
2026-09-22 06:49:40	278	26918	17648	5.52	4.03	325	168
2026-09-22 06:49:40	278	27115	17644	5.55	3.83	327	168
2026-09-22 06:49:40	278	27305	17641	5.46	3.84	325	168
2026-09-22 06:49:41	278	62804	9415	5.49	3.73	374	168
2026-09-22 07:09:41	279	26918	18849	5.51	4.01	325	168
2026-09-22 07:09:41	279	27115	18845	5.47	3.91	327	168
2026-09-22 07:09:41	279	27305	18842	5.47	3.94	325	168
2026-09-22 07:09:41	279	62804	10616	5.56	3.79	374	168
2026-09-22 07:29:12	280	27115	20016	5.50	3.94	326	168
2026-09-22 07:29:12	280	27305	20013	5.62	4.01	326	168
2026-09-22 07:29:12	280	62804	11787	5.59	3.85	373	168
2026-09-22 07:29:12	280	110958	9	3.68	2.18	404	168
2026-09-22 07:49:13	281	27115	21217	5.55	3.98	322	168
2026-09-22 07:49:13	281	27305	21214	5.61	4.00	323	168
2026-09-22 07:49:13	281	62804	12988	5.61	3.86	363	168
2026-09-22 07:49:13	281	110958	1210	5.13	3.25	382	168
2026-09-22 08:08:44	282	27115	22388	5.58	4.01	322	168
2026-09-22 08:08:44	282	27305	22385	5.58	3.96	323	168
2026-09-22 08:08:44	282	62804	14159	5.84	3.88	353	168
2026-09-22 08:08:44	282	110958	2381	5.20	3.45	383	168
2026-09-22 08:28:45	283	27115	23589	5.62	4.00	322	168
2026-09-22 08:28:45	283	27305	23586	5.57	3.96	323	168
2026-09-22 08:28:45	283	62804	15360	5.62	3.88	350	168
2026-09-22 08:28:45	283	110958	3581	5.21	3.60	380	168
2026-09-22 08:48:16	284	27115	24760	5.59	4.03	323	168
2026-09-22 08:48:16	284	27305	24757	5.60	4.00	323	168
2026-09-22 08:48:16	284	62804	16531	5.48	3.75	347	168
2026-09-22 08:48:16	284	110958	4752	5.26	3.65	382	168
2026-09-22 09:08:17	285	27115	25961	5.57	3.99	323	168
2026-09-22 09:08:17	285	27305	25957	5.60	3.99	323	168
2026-09-22 09:08:17	285	62804	17731	5.55	3.81	343	168
2026-09-22 09:08:17	285	110958	5953	5.29	3.68	381	168
2026-09-22 09:27:48	286	27115	27132	5.44	3.89	322	168
2026-09-22 09:27:48	286	27305	27128	5.59	3.98	323	168
2026-09-22 09:27:48	286	62804	18902	5.64	3.88	341	168
2026-09-22 09:27:48	286	110958	7124	5.30	3.68	378	168
2026-09-22 09:47:49	287	27115	28333	5.46	3.91	322	168
2026-09-22 09:47:49	287	27305	28329	5.50	3.87	322	168
2026-09-22 09:47:49	287	62804	20103	5.57	3.77	341	168
2026-09-22 09:47:49	287	110958	8325	5.51	3.74	376	168
2026-09-22 10:07:20	288	27115	29504	5.56	4.00	326	168
2026-09-22 10:07:20	288	27305	29500	5.52	3.89	322	168
2026-09-22 10:07:20	288	62804	21274	5.51	3.74	338	168
2026-09-22 10:07:20	288	110958	9496	5.44	3.75	374	168
2026-09-22 10:26:51	289	27115	30675	5.62	3.93	324	168
2026-09-22 10:26:51	289	27305	30671	5.72	3.95	324	168
2026-09-22 10:26:51	289	62804	22445	5.65	3.85	338	168
2026-09-22 10:26:51	289	110958	10667	5.49	3.79	376	168
2026-09-22 10:46:22	290	27305	31842	5.54	3.91	322	168
2026-09-22 10:46:22	290	62804	23616	5.63	3.86	336	168
2026-09-22 10:46:22	290	110958	11838	5.52	3.82	372	168
2026-09-22 10:46:22	290	159787	4	3.77	2.02	402	168
2026-09-22 11:06:23	291	27305	33043	5.65	4.03	321	168
2026-09-22 11:06:23	291	62804	24817	5.67	3.91	335	168
2026-09-22 11:06:23	291	110958	13039	5.57	3.88	363	168
2026-09-22 11:06:23	291	159787	1205	4.83	3.25	386	168
2026-09-22 11:26:24	292	27305	34244	5.94	4.03	321	168
2026-09-22 11:26:24	292	62804	26018	5.80	3.89	332	168
2026-09-22 11:26:24	292	110958	14240	5.71	3.86	354	168
2026-09-22 11:26:24	292	159787	2406	5.25	3.56	388	168
2026-09-22 11:45:54	293	27305	35415	5.64	4.02	322	168
2026-09-22 11:45:55	293	62804	27189	5.71	3.96	333	168
2026-09-22 11:45:55	293	110958	15411	5.59	3.83	349	168
2026-09-22 11:45:55	293	159787	3577	5.28	3.67	386	168
2026-09-22 12:05:25	294	27305	36586	5.80	4.04	323	168
2026-09-22 12:05:26	294	62804	28360	5.82	3.91	333	168
2026-09-22 12:05:26	294	110958	16582	5.61	3.86	340	168
2026-09-22 12:05:26	294	159787	4748	5.41	3.78	386	168
2026-09-22 12:25:26	295	27305	37787	5.68	4.06	321	168
2026-09-22 12:25:27	295	62804	29561	5.57	3.83	333	168
2026-09-22 12:25:27	295	110958	17783	5.69	3.94	340	168
2026-09-22 12:25:27	295	159787	5949	5.39	3.77	382	168
2026-09-22 12:44:57	296	27305	38958	5.91	4.14	321	168
2026-09-22 12:44:58	296	62804	30732	5.80	3.89	330	168
2026-09-22 12:44:58	296	110958	18954	5.72	3.96	335	168
2026-09-22 12:44:58	296	159787	7120	5.41	3.78	381	168
2026-09-22 13:04:58	297	27305	40159	5.76	4.14	322	168
2026-09-22 13:04:58	297	62804	31933	5.92	4.02	330	168
2026-09-22 13:04:59	297	110958	20155	5.92	4.01	334	168
2026-09-22 13:04:59	297	159787	8321	5.54	3.91	379	168
2026-09-22 13:24:29	298	27305	41330	5.83	4.20	321	168
2026-09-22 13:24:29	298	62804	33104	5.68	3.92	329	168
2026-09-22 13:24:30	298	110958	21326	5.71	3.94	331	168
2026-09-22 13:24:30	298	159787	9492	5.65	3.91	377	168
2026-09-22 13:44:30	299	27305	42531	5.79	4.17	323	168
2026-09-22 13:44:30	299	62804	34305	5.64	3.86	329	168
2026-09-22 13:44:31	299	110958	22527	5.95	4.03	332	168
2026-09-22 13:44:31	299	159787	10693	5.74	3.88	374	168
