2026/09/11 06:16:57.117, 0, 35, 210 MHz, 6.88 W, 0 %, 0x0000000000000001, Not Active, Not Active, Not Active
2026/09/11 06:16:57.121, 1, 36, 210 MHz, 10.88 W, 0 %, 0x0000000000000001, Not Active, Not Active, Not Active
2026/09/11 06:16:57.125, 2, 35, 210 MHz, 9.94 W, 0 %, 0x0000000000000001, Not Active, Not Active, Not Active
2026/09/11 06:16:57.130, 3, 36, 210 MHz, 8.14 W, 0 %, 0x0000000000000001, Not Active, Not Active, Not Active
2026/09/11 06:16:59.133, 0, 37, 2595 MHz, 27.24 W, 0 %, 0x0000000000000000, Not Active, Not Active, Not Active
2026/09/11 06:16:59.133, 1, 37, 2595 MHz, 29.97 W, 0 %, 0x0000000000000000, Not Active, Not Active, Not Active
2026/09/11 06:16:59.133, 2, 36, 2595 MHz, 29.36 W, 0 %, 0x0000000000000000, Not Active, Not Active, Not Active
2026/09/11 06:16:59.133, 3, 38, 2595 MHz, 27.58 W, 0 %, 0x0000000000000000, Not Active, Not Active, Not Active
2026/09/11 06:17:01.133, 0, 37, 2595 MHz, 26.99 W, 0 %, 0x0000000000000000, Not Active, Not Active, Not Active
2026/09/11 06:17:01.133, 1, 37, 2595 MHz, 29.81 W, 0 %, 0x0000000000000000, Not Active, Not Active, Not Active
2026/09/11 06:17:01.133, 2, 36, 2595 MHz, 29.40 W, 0 %, 0x0000000000000000, Not Active, Not Active, Not Active
2026/09/11 06:17:01.133, 3, 38, 2595 MHz, 27.35 W, 0 %, 0x0000000000000000, Not Active, Not Active, Not Active
2026/09/11 06:17:03.135, 0, 37, 2595 MHz, 27.21 W, 0 %, 0x0000000000000000, Not Active, Not Active, Not Active
2026/09/11 06:17:03.135, 1, 37, 2595 MHz, 29.83 W, 0 %, 0x0000000000000000, Not Active, Not Active, Not Active
2026/09/11 06:17:03.135, 2, 36, 2595 MHz, 29.11 W, 0 %, 0x0000000000000000, Not Active, Not Active, Not Active
2026/09/11 06:17:03.135, 3, 38, 2595 MHz, 27.23 W, 0 %, 0x0000000000000000, Not Active, Not Active, Not Active
2026/09/11 06:17:05.136, 0, 37, 2595 MHz, 33.82 W, 12 %, 0x0000000000000000, Not Active, Not Active, Not Active
2026/09/11 06:17:05.136, 1, 37, 2595 MHz, 29.85 W, 0 %, 0x0000000000000000, Not Active, Not Active, Not Active
2026/09/11 06:17:05.136, 2, 36, 2595 MHz, 29.31 W, 0 %, 0x0000000000000000, Not Active, Not Active, Not Active
2026/09/11 06:17:05.136, 3, 38, 2595 MHz, 27.62 W, 0 %, 0x0000000000000000, Not Active, Not Active, Not Active
2026/09/11 06:17:07.136, 0, 46, 2745 MHz, 56.92 W, 18 %, 0x0000000000000000, Not Active, Not Active, Not Active
2026/09/11 06:17:07.136, 1, 37, 2595 MHz, 29.84 W, 0 %, 0x0000000000000000, Not Active, Not Active, Not Active
2026/09/11 06:17:07.136, 2, 36, 2595 MHz, 29.24 W, 0 %, 0x0000000000000000, Not Active, Not Active, Not Active
2026/09/11 06:17:07.136, 3, 38, 2595 MHz, 27.63 W, 0 %, 0x0000000000000000, Not Active, Not Active, Not Active
2026/09/11 06:17:09.137, 0, 38, 2745 MHz, 39.76 W, 0 %, 0x0000000000000000, Not Active, Not Active, Not Active
2026/09/11 06:17:09.137, 1, 37, 2595 MHz, 29.70 W, 0 %, 0x0000000000000000, Not Active, Not Active, Not Active
2026/09/11 06:17:09.137, 2, 36, 2595 MHz, 29.13 W, 0 %, 0x0000000000000000, Not Active, Not Active, Not Active
2026/09/11 06:17:09.137, 3, 38, 2595 MHz, 27.46 W, 0 %, 0x0000000000000000, Not Active, Not Active, Not Active
2026/09/11 06:17:11.137, 0, 37, 2595 MHz, 28.69 W, 0 %, 0x0000000000000000, Not Active, Not Active, Not Active
2026/09/11 06:17:11.137, 1, 37, 2595 MHz, 29.88 W, 0 %, 0x0000000000000000, Not Active, Not Active, Not Active
2026/09/11 06:17:11.137, 2, 36, 2595 MHz, 29.32 W, 0 %, 0x0000000000000000, Not Active, Not Active, Not Active
2026/09/11 06:17:11.137, 3, 38, 2595 MHz, 27.25 W, 0 %, 0x0000000000000000, Not Active, Not Active, Not Active
2026/09/11 06:17:13.137, 0, 37, 2595 MHz, 26.85 W, 0 %, 0x0000000000000000, Not Active, Not Active, Not Active
2026/09/11 06:17:13.137, 1, 37, 2595 MHz, 29.82 W, 0 %, 0x0000000000000000, Not Active, Not Active, Not Active
2026/09/11 06:17:13.137, 2, 36, 2595 MHz, 29.41 W, 0 %, 0x0000000000000000, Not Active, Not Active, Not Active
2026/09/11 06:17:13.137, 3, 38, 2595 MHz, 27.30 W, 0 %, 0x0000000000000000, Not Active, Not Active, Not Active
2026/09/11 06:17:15.140, 0, 42, 2595 MHz, 27.28 W, 0 %, 0x0000000000000000, Not Active, Not Active, Not Active
2026/09/11 06:17:15.140, 1, 37, 2595 MHz, 29.80 W, 0 %, 0x0000000000000001, Not Active, Not Active, Not Active
2026/09/11 06:17:15.140, 2, 35, 495 MHz, 28.15 W, 0 %, 0x0000000000000001, Not Active, Not Active, Not Active
2026/09/11 06:17:15.140, 3, 37, 480 MHz, 25.21 W, 0 %, 0x0000000000000001, Not Active, Not Active, Not Active
2026/09/11 06:17:17.140, 0, 38, 2745 MHz, 54.54 W, 71 %, 0x0000000000000000, Not Active, Not Active, Not Active
2026/09/11 06:17:17.141, 1, 36, 330 MHz, 19.90 W, 0 %, 0x0000000000000001, Not Active, Not Active, Not Active
2026/09/11 06:17:17.141, 2, 35, 210 MHz, 11.06 W, 0 %, 0x0000000000000001, Not Active, Not Active, Not Active
2026/09/11 06:17:17.141, 3, 36, 210 MHz, 9.76 W, 0 %, 0x0000000000000001, Not Active, Not Active, Not Active
2026/09/11 06:17:19.141, 0, 37, 2595 MHz, 30.41 W, 0 %, 0x0000000000000000, Not Active, Not Active, Not Active
2026/09/11 06:17:19.141, 1, 36, 210 MHz, 10.72 W, 0 %, 0x0000000000000001, Not Active, Not Active, Not Active
2026/09/11 06:17:19.141, 2, 35, 210 MHz, 10.22 W, 0 %, 0x0000000000000001, Not Active, Not Active, Not Active
2026/09/11 06:17:19.141, 3, 36, 210 MHz, 8.15 W, 0 %, 0x0000000000000001, Not Active, Not Active, Not Active
2026/09/11 06:17:21.141, 0, 37, 2595 MHz, 27.31 W, 0 %, 0x0000000000000000, Not Active, Not Active, Not Active
2026/09/11 06:17:21.141, 1, 35, 210 MHz, 10.82 W, 0 %, 0x0000000000000001, Not Active, Not Active, Not Active
2026/09/11 06:17:21.142, 2, 35, 210 MHz, 10.16 W, 0 %, 0x0000000000000001, Not Active, Not Active, Not Active
2026/09/11 06:17:21.142, 3, 36, 210 MHz, 8.15 W, 0 %, 0x0000000000000001, Not Active, Not Active, Not Active
2026/09/11 06:17:23.142, 0, 37, 2595 MHz, 27.03 W, 0 %, 0x0000000000000000, Not Active, Not Active, Not Active
2026/09/11 06:17:23.142, 1, 35, 210 MHz, 10.90 W, 0 %, 0x0000000000000001, Not Active, Not Active, Not Active
2026/09/11 06:17:23.142, 2, 35, 210 MHz, 10.13 W, 0 %, 0x0000000000000001, Not Active, Not Active, Not Active
2026/09/11 06:17:23.142, 3, 36, 210 MHz, 8.13 W, 0 %, 0x0000000000000001, Not Active, Not Active, Not Active
2026/09/11 06:17:25.142, 0, 37, 2595 MHz, 27.09 W, 0 %, 0x0000000000000000, Not Active, Not Active, Not Active
2026/09/11 06:17:25.142, 1, 35, 210 MHz, 10.95 W, 0 %, 0x0000000000000001, Not Active, Not Active, Not Active
2026/09/11 06:17:25.142, 2, 35, 210 MHz, 10.29 W, 0 %, 0x0000000000000001, Not Active, Not Active, Not Active
2026/09/11 06:17:25.142, 3, 36, 210 MHz, 8.12 W, 0 %, 0x0000000000000001, Not Active, Not Active, Not Active
2026/09/11 06:17:27.143, 0, 37, 2595 MHz, 27.12 W, 0 %, 0x0000000000000000, Not Active, Not Active, Not Active
2026/09/11 06:17:27.143, 1, 35, 210 MHz, 10.85 W, 0 %, 0x0000000000000001, Not Active, Not Active, Not Active
2026/09/11 06:17:27.143, 2, 35, 210 MHz, 10.19 W, 0 %, 0x0000000000000001, Not Active, Not Active, Not Active
2026/09/11 06:17:27.143, 3, 36, 210 MHz, 8.13 W, 0 %, 0x0000000000000001, Not Active, Not Active, Not Active
2026/09/11 06:17:29.143, 0, 37, 2595 MHz, 26.83 W, 0 %, 0x0000000000000000, Not Active, Not Active, Not Active
2026/09/11 06:17:29.143, 1, 35, 210 MHz, 10.91 W, 0 %, 0x0000000000000001, Not Active, Not Active, Not Active
2026/09/11 06:17:29.143, 2, 35, 210 MHz, 10.21 W, 0 %, 0x0000000000000001, Not Active, Not Active, Not Active
2026/09/11 06:17:29.143, 3, 36, 210 MHz, 8.08 W, 0 %, 0x0000000000000001, Not Active, Not Active, Not Active
2026/09/11 06:17:31.144, 0, 37, 2595 MHz, 26.98 W, 0 %, 0x0000000000000000, Not Active, Not Active, Not Active
2026/09/11 06:17:31.144, 1, 35, 210 MHz, 10.93 W, 0 %, 0x0000000000000001, Not Active, Not Active, Not Active
2026/09/11 06:17:31.144, 2, 35, 210 MHz, 10.12 W, 0 %, 0x0000000000000001, Not Active, Not Active, Not Active
2026/09/11 06:17:31.144, 3, 36, 210 MHz, 8.13 W, 0 %, 0x0000000000000001, Not Active, Not Active, Not Active
2026/09/11 06:17:33.145, 0, 37, 2595 MHz, 27.27 W, 0 %, 0x0000000000000000, Not Active, Not Active, Not Active
2026/09/11 06:17:33.145, 1, 35, 210 MHz, 10.95 W, 0 %, 0x0000000000000001, Not Active, Not Active, Not Active
2026/09/11 06:17:33.145, 2, 35, 210 MHz, 10.06 W, 0 %, 0x0000000000000001, Not Active, Not Active, Not Active
2026/09/11 06:17:33.145, 3, 36, 210 MHz, 8.15 W, 0 %, 0x0000000000000001, Not Active, Not Active, Not Active
2026/09/11 06:17:35.147, 0, 36, 345 MHz, 19.14 W, 0 %, 0x0000000000000001, Not Active, Not Active, Not Active
2026/09/11 06:17:35.147, 1, 35, 210 MHz, 10.92 W, 0 %, 0x0000000000000001, Not Active, Not Active, Not Active
2026/09/11 06:17:35.147, 2, 34, 210 MHz, 10.13 W, 0 %, 0x0000000000000001, Not Active, Not Active, Not Active
2026/09/11 06:17:35.147, 3, 36, 210 MHz, 8.05 W, 0 %, 0x0000000000000001, Not Active, Not Active, Not Active
2026/09/11 06:17:37.148, 0, 36, 210 MHz, 7.18 W, 0 %, 0x0000000000000001, Not Active, Not Active, Not Active
2026/09/11 06:17:37.148, 1, 35, 210 MHz, 10.91 W, 0 %, 0x0000000000000001, Not Active, Not Active, Not Active
2026/09/11 06:17:37.148, 2, 34, 210 MHz, 10.05 W, 0 %, 0x0000000000000001, Not Active, Not Active, Not Active
2026/09/11 06:17:37.148, 3, 36, 210 MHz, 8.07 W, 0 %, 0x0000000000000001, Not Active, Not Active, Not Active
2026/09/11 06:17:39.148, 0, 35, 210 MHz, 7.20 W, 0 %, 0x0000000000000001, Not Active, Not Active, Not Active
2026/09/11 06:17:39.149, 1, 35, 210 MHz, 10.83 W, 0 %, 0x0000000000000001, Not Active, Not Active, Not Active
2026/09/11 06:17:39.149, 2, 34, 210 MHz, 9.97 W, 0 %, 0x0000000000000001, Not Active, Not Active, Not Active
2026/09/11 06:17:39.149, 3, 35, 210 MHz, 8.05 W, 0 %, 0x0000000000000001, Not Active, Not Active, Not Active
2026/09/11 06:17:41.149, 0, 35, 210 MHz, 6.84 W, 0 %, 0x0000000000000001, Not Active, Not Active, Not Active
2026/09/11 06:17:41.149, 1, 35, 210 MHz, 10.85 W, 0 %, 0x0000000000000001, Not Active, Not Active, Not Active
2026/09/11 06:17:41.149, 2, 34, 210 MHz, 10.10 W, 0 %, 0x0000000000000001, Not Active, Not Active, Not Active
2026/09/11 06:17:41.149, 3, 35, 210 MHz, 8.09 W, 0 %, 0x0000000000000001, Not Active, Not Active, Not Active
2026/09/11 06:17:43.150, 0, 35, 210 MHz, 7.38 W, 0 %, 0x0000000000000001, Not Active, Not Active, Not Active
2026/09/11 06:17:43.150, 1, 35, 210 MHz, 10.82 W, 0 %, 0x0000000000000001, Not Active, Not Active, Not Active
2026/09/11 06:17:43.150, 2, 34, 210 MHz, 10.08 W, 0 %, 0x0000000000000001, Not Active, Not Active, Not Active
2026/09/11 06:17:43.150, 3, 35, 210 MHz, 7.99 W, 0 %, 0x0000000000000001, Not Active, Not Active, Not Active
2026/09/11 06:17:45.150, 0, 35, 210 MHz, 7.34 W, 0 %, 0x0000000000000001, Not Active, Not Active, Not Active
2026/09/11 06:17:45.151, 1, 35, 210 MHz, 10.83 W, 0 %, 0x0000000000000001, Not Active, Not Active, Not Active
2026/09/11 06:17:45.151, 2, 34, 210 MHz, 10.06 W, 0 %, 0x0000000000000001, Not Active, Not Active, Not Active
2026/09/11 06:17:45.151, 3, 35, 210 MHz, 7.95 W, 0 %, 0x0000000000000001, Not Active, Not Active, Not Active
2026/09/11 06:17:47.151, 0, 35, 210 MHz, 7.08 W, 0 %, 0x0000000000000001, Not Active, Not Active, Not Active
2026/09/11 06:17:47.151, 1, 35, 210 MHz, 10.74 W, 0 %, 0x0000000000000001, Not Active, Not Active, Not Active
2026/09/11 06:17:47.151, 2, 34, 210 MHz, 10.03 W, 0 %, 0x0000000000000001, Not Active, Not Active, Not Active
2026/09/11 06:17:47.151, 3, 35, 210 MHz, 7.97 W, 0 %, 0x0000000000000001, Not Active, Not Active, Not Active
2026/09/11 06:17:49.151, 0, 35, 210 MHz, 7.29 W, 0 %, 0x0000000000000001, Not Active, Not Active, Not Active
2026/09/11 06:17:49.151, 1, 35, 210 MHz, 10.77 W, 0 %, 0x0000000000000001, Not Active, Not Active, Not Active
2026/09/11 06:17:49.151, 2, 34, 210 MHz, 9.97 W, 0 %, 0x0000000000000001, Not Active, Not Active, Not Active
2026/09/11 06:17:49.151, 3, 35, 210 MHz, 8.00 W, 0 %, 0x0000000000000001, Not Active, Not Active, Not Active
2026/09/11 06:17:51.152, 0, 35, 210 MHz, 7.15 W, 0 %, 0x0000000000000001, Not Active, Not Active, Not Active
2026/09/11 06:17:51.152, 1, 35, 210 MHz, 10.84 W, 0 %, 0x0000000000000001, Not Active, Not Active, Not Active
2026/09/11 06:17:51.152, 2, 34, 210 MHz, 9.99 W, 0 %, 0x0000000000000001, Not Active, Not Active, Not Active
2026/09/11 06:17:51.152, 3, 35, 210 MHz, 7.98 W, 0 %, 0x0000000000000001, Not Active, Not Active, Not Active
2026/09/11 06:17:53.152, 0, 35, 210 MHz, 6.73 W, 0 %, 0x0000000000000001, Not Active, Not Active, Not Active
2026/09/11 06:17:53.153, 1, 35, 210 MHz, 10.79 W, 0 %, 0x0000000000000001, Not Active, Not Active, Not Active
2026/09/11 06:17:53.153, 2, 34, 210 MHz, 10.01 W, 0 %, 0x0000000000000001, Not Active, Not Active, Not Active
2026/09/11 06:17:53.153, 3, 35, 210 MHz, 8.06 W, 0 %, 0x0000000000000001, Not Active, Not Active, Not Active
2026/09/11 06:17:55.153, 0, 35, 210 MHz, 7.18 W, 0 %, 0x0000000000000001, Not Active, Not Active, Not Active
2026/09/11 06:17:55.154, 1, 34, 210 MHz, 10.80 W, 0 %, 0x0000000000000001, Not Active, Not Active, Not Active
2026/09/11 06:17:55.154, 2, 34, 210 MHz, 9.87 W, 0 %, 0x0000000000000001, Not Active, Not Active, Not Active
2026/09/11 06:17:55.154, 3, 35, 210 MHz, 8.10 W, 0 %, 0x0000000000000001, Not Active, Not Active, Not Active
2026/09/11 06:17:57.154, 0, 35, 210 MHz, 7.03 W, 0 %, 0x0000000000000001, Not Active, Not Active, Not Active
2026/09/11 06:17:57.154, 1, 34, 210 MHz, 10.74 W, 0 %, 0x0000000000000001, Not Active, Not Active, Not Active
2026/09/11 06:17:57.154, 2, 34, 210 MHz, 9.81 W, 0 %, 0x0000000000000001, Not Active, Not Active, Not Active
2026/09/11 06:17:57.154, 3, 35, 210 MHz, 8.04 W, 0 %, 0x0000000000000001, Not Active, Not Active, Not Active
2026/09/11 06:17:59.155, 0, 35, 210 MHz, 6.81 W, 0 %, 0x0000000000000001, Not Active, Not Active, Not Active
2026/09/11 06:17:59.155, 1, 34, 210 MHz, 10.84 W, 0 %, 0x0000000000000001, Not Active, Not Active, Not Active
2026/09/11 06:17:59.155, 2, 34, 210 MHz, 10.10 W, 0 %, 0x0000000000000001, Not Active, Not Active, Not Active
2026/09/11 06:17:59.155, 3, 35, 210 MHz, 8.02 W, 0 %, 0x0000000000000001, Not Active, Not Active, Not Active
2026/09/11 06:18:01.156, 0, 35, 210 MHz, 6.99 W, 0 %, 0x0000000000000001, Not Active, Not Active, Not Active
2026/09/11 06:18:01.156, 1, 34, 210 MHz, 10.79 W, 0 %, 0x0000000000000001, Not Active, Not Active, Not Active
2026/09/11 06:18:01.156, 2, 34, 210 MHz, 9.89 W, 0 %, 0x0000000000000001, Not Active, Not Active, Not Active
2026/09/11 06:18:01.156, 3, 35, 210 MHz, 8.05 W, 0 %, 0x0000000000000001, Not Active, Not Active, Not Active
2026/09/11 06:18:03.160, 0, 35, 210 MHz, 6.93 W, 0 %, 0x0000000000000001, Not Active, Not Active, Not Active
2026/09/11 06:18:03.161, 1, 34, 210 MHz, 10.79 W, 0 %, 0x0000000000000001, Not Active, Not Active, Not Active
2026/09/11 06:18:03.161, 2, 34, 210 MHz, 9.96 W, 0 %, 0x0000000000000001, Not Active, Not Active, Not Active
2026/09/11 06:18:03.161, 3, 35, 210 MHz, 8.05 W, 0 %, 0x0000000000000001, Not Active, Not Active, Not Active
2026/09/11 06:18:05.163, 0, 35, 210 MHz, 6.93 W, 0 %, 0x0000000000000001, Not Active, Not Active, Not Active
2026/09/11 06:18:05.163, 1, 34, 210 MHz, 10.80 W, 0 %, 0x0000000000000001, Not Active, Not Active, Not Active
2026/09/11 06:18:05.163, 2, 34, 210 MHz, 10.06 W, 0 %, 0x0000000000000001, Not Active, Not Active, Not Active
2026/09/11 06:18:05.163, 3, 35, 210 MHz, 8.04 W, 0 %, 0x0000000000000001, Not Active, Not Active, Not Active
2026/09/11 06:18:07.163, 0, 35, 210 MHz, 7.18 W, 0 %, 0x0000000000000001, Not Active, Not Active, Not Active
2026/09/11 06:18:07.164, 1, 34, 210 MHz, 10.94 W, 0 %, 0x0000000000000001, Not Active, Not Active, Not Active
2026/09/11 06:18:07.164, 2, 34, 210 MHz, 10.06 W, 0 %, 0x0000000000000001, Not Active, Not Active, Not Active
2026/09/11 06:18:07.164, 3, 35, 210 MHz, 7.96 W, 0 %, 0x0000000000000001, Not Active, Not Active, Not Active
2026/09/11 06:18:09.164, 0, 35, 210 MHz, 6.87 W, 0 %, 0x0000000000000001, Not Active, Not Active, Not Active
2026/09/11 06:18:09.164, 1, 34, 210 MHz, 10.88 W, 0 %, 0x0000000000000001, Not Active, Not Active, Not Active
2026/09/11 06:18:09.164, 2, 34, 210 MHz, 10.22 W, 0 %, 0x0000000000000001, Not Active, Not Active, Not Active
2026/09/11 06:18:09.164, 3, 35, 210 MHz, 7.95 W, 0 %, 0x0000000000000001, Not Active, Not Active, Not Active
2026/09/11 06:18:11.164, 0, 35, 210 MHz, 7.14 W, 0 %, 0x0000000000000001, Not Active, Not Active, Not Active
2026/09/11 06:18:11.165, 1, 34, 210 MHz, 10.73 W, 0 %, 0x0000000000000001, Not Active, Not Active, Not Active
2026/09/11 06:18:11.165, 2, 34, 210 MHz, 10.41 W, 0 %, 0x0000000000000001, Not Active, Not Active, Not Active
2026/09/11 06:18:11.165, 3, 35, 210 MHz, 7.98 W, 0 %, 0x0000000000000001, Not Active, Not Active, Not Active
2026/09/11 06:18:13.165, 0, 34, 210 MHz, 7.32 W, 0 %, 0x0000000000000001, Not Active, Not Active, Not Active
2026/09/11 06:18:13.165, 1, 34, 210 MHz, 10.68 W, 0 %, 0x0000000000000001, Not Active, Not Active, Not Active
2026/09/11 06:18:13.165, 2, 34, 210 MHz, 9.93 W, 0 %, 0x0000000000000001, Not Active, Not Active, Not Active
2026/09/11 06:18:13.165, 3, 35, 210 MHz, 8.00 W, 0 %, 0x0000000000000001, Not Active, Not Active, Not Active
2026/09/11 06:18:15.165, 0, 34, 210 MHz, 6.74 W, 0 %, 0x0000000000000001, Not Active, Not Active, Not Active
2026/09/11 06:18:15.165, 1, 34, 210 MHz, 10.72 W, 0 %, 0x0000000000000001, Not Active, Not Active, Not Active
2026/09/11 06:18:15.166, 2, 34, 210 MHz, 9.95 W, 0 %, 0x0000000000000001, Not Active, Not Active, Not Active
2026/09/11 06:18:15.166, 3, 35, 210 MHz, 7.98 W, 0 %, 0x0000000000000001, Not Active, Not Active, Not Active
2026/09/11 06:18:17.166, 0, 34, 210 MHz, 7.09 W, 0 %, 0x0000000000000001, Not Active, Not Active, Not Active
2026/09/11 06:18:17.166, 1, 34, 210 MHz, 10.58 W, 0 %, 0x0000000000000001, Not Active, Not Active, Not Active
2026/09/11 06:18:17.166, 2, 34, 210 MHz, 9.92 W, 0 %, 0x0000000000000001, Not Active, Not Active, Not Active
2026/09/11 06:18:17.166, 3, 35, 210 MHz, 8.00 W, 0 %, 0x0000000000000001, Not Active, Not Active, Not Active
2026/09/11 06:18:19.166, 0, 34, 210 MHz, 7.29 W, 0 %, 0x0000000000000001, Not Active, Not Active, Not Active
2026/09/11 06:18:19.167, 1, 34, 210 MHz, 10.57 W, 0 %, 0x0000000000000001, Not Active, Not Active, Not Active
2026/09/11 06:18:19.167, 2, 34, 210 MHz, 9.93 W, 0 %, 0x0000000000000001, Not Active, Not Active, Not Active
2026/09/11 06:18:19.167, 3, 35, 210 MHz, 7.93 W, 0 %, 0x0000000000000001, Not Active, Not Active, Not Active
2026/09/11 06:18:21.167, 0, 34, 210 MHz, 6.84 W, 0 %, 0x0000000000000001, Not Active, Not Active, Not Active
2026/09/11 06:18:21.167, 1, 34, 210 MHz, 10.77 W, 0 %, 0x0000000000000001, Not Active, Not Active, Not Active
2026/09/11 06:18:21.167, 2, 34, 210 MHz, 10.31 W, 0 %, 0x0000000000000001, Not Active, Not Active, Not Active
2026/09/11 06:18:21.167, 3, 34, 210 MHz, 7.95 W, 0 %, 0x0000000000000001, Not Active, Not Active, Not Active
2026/09/11 06:18:23.167, 0, 34, 210 MHz, 7.04 W, 0 %, 0x0000000000000001, Not Active, Not Active, Not Active
2026/09/11 06:18:23.167, 1, 34, 210 MHz, 10.66 W, 0 %, 0x0000000000000001, Not Active, Not Active, Not Active
2026/09/11 06:18:23.168, 2, 34, 210 MHz, 10.41 W, 0 %, 0x0000000000000001, Not Active, Not Active, Not Active
2026/09/11 06:18:23.168, 3, 34, 210 MHz, 8.02 W, 0 %, 0x0000000000000001, Not Active, Not Active, Not Active
2026/09/11 06:18:25.168, 0, 34, 210 MHz, 7.28 W, 0 %, 0x0000000000000001, Not Active, Not Active, Not Active
2026/09/11 06:18:25.168, 1, 34, 210 MHz, 10.62 W, 0 %, 0x0000000000000001, Not Active, Not Active, Not Active
2026/09/11 06:18:25.168, 2, 34, 210 MHz, 10.19 W, 0 %, 0x0000000000000001, Not Active, Not Active, Not Active
2026/09/11 06:18:25.168, 3, 34, 210 MHz, 8.12 W, 0 %, 0x0000000000000001, Not Active, Not Active, Not Active
2026/09/11 06:18:27.168, 0, 34, 210 MHz, 6.91 W, 0 %, 0x0000000000000001, Not Active, Not Active, Not Active
2026/09/11 06:18:27.169, 1, 34, 210 MHz, 10.62 W, 0 %, 0x0000000000000001, Not Active, Not Active, Not Active
2026/09/11 06:18:27.169, 2, 34, 210 MHz, 10.39 W, 0 %, 0x0000000000000001, Not Active, Not Active, Not Active
2026/09/11 06:18:27.169, 3, 34, 210 MHz, 8.10 W, 0 %, 0x0000000000000001, Not Active, Not Active, Not Active
2026/09/11 06:18:29.169, 0, 34, 210 MHz, 7.09 W, 0 %, 0x0000000000000001, Not Active, Not Active, Not Active
2026/09/11 06:18:29.169, 1, 34, 210 MHz, 10.58 W, 0 %, 0x0000000000000001, Not Active, Not Active, Not Active
2026/09/11 06:18:29.169, 2, 34, 210 MHz, 10.33 W, 0 %, 0x0000000000000001, Not Active, Not Active, Not Active
2026/09/11 06:18:29.169, 3, 34, 210 MHz, 8.06 W, 0 %, 0x0000000000000001, Not Active, Not Active, Not Active
2026/09/11 06:18:31.170, 0, 34, 210 MHz, 7.13 W, 0 %, 0x0000000000000001, Not Active, Not Active, Not Active
2026/09/11 06:18:31.170, 1, 34, 210 MHz, 10.58 W, 0 %, 0x0000000000000001, Not Active, Not Active, Not Active
2026/09/11 06:18:31.170, 2, 34, 210 MHz, 10.29 W, 0 %, 0x0000000000000001, Not Active, Not Active, Not Active
2026/09/11 06:18:31.170, 3, 34, 210 MHz, 8.08 W, 0 %, 0x0000000000000001, Not Active, Not Active, Not Active
2026/09/11 06:18:33.170, 0, 34, 210 MHz, 6.84 W, 0 %, 0x0000000000000001, Not Active, Not Active, Not Active
2026/09/11 06:18:33.170, 1, 34, 210 MHz, 10.63 W, 0 %, 0x0000000000000001, Not Active, Not Active, Not Active
2026/09/11 06:18:33.170, 2, 34, 210 MHz, 10.22 W, 0 %, 0x0000000000000001, Not Active, Not Active, Not Active
2026/09/11 06:18:33.170, 3, 34, 210 MHz, 8.10 W, 0 %, 0x0000000000000001, Not Active, Not Active, Not Active
2026/09/11 06:18:35.170, 0, 34, 210 MHz, 7.11 W, 0 %, 0x0000000000000001, Not Active, Not Active, Not Active
2026/09/11 06:18:35.170, 1, 34, 210 MHz, 10.57 W, 0 %, 0x0000000000000001, Not Active, Not Active, Not Active
2026/09/11 06:18:35.170, 2, 34, 210 MHz, 10.16 W, 0 %, 0x0000000000000001, Not Active, Not Active, Not Active
2026/09/11 06:18:35.170, 3, 34, 210 MHz, 8.10 W, 0 %, 0x0000000000000001, Not Active, Not Active, Not Active
2026/09/11 06:18:37.171, 0, 34, 210 MHz, 7.13 W, 0 %, 0x0000000000000001, Not Active, Not Active, Not Active
2026/09/11 06:18:37.171, 1, 34, 210 MHz, 10.50 W, 0 %, 0x0000000000000001, Not Active, Not Active, Not Active
2026/09/11 06:18:37.171, 2, 34, 210 MHz, 10.03 W, 0 %, 0x0000000000000001, Not Active, Not Active, Not Active
2026/09/11 06:18:37.171, 3, 34, 210 MHz, 8.11 W, 0 %, 0x0000000000000001, Not Active, Not Active, Not Active
2026/09/11 06:18:39.171, 0, 34, 210 MHz, 6.80 W, 0 %, 0x0000000000000001, Not Active, Not Active, Not Active
2026/09/11 06:18:39.171, 1, 34, 210 MHz, 10.54 W, 0 %, 0x0000000000000001, Not Active, Not Active, Not Active
2026/09/11 06:18:39.171, 2, 33, 210 MHz, 10.21 W, 0 %, 0x0000000000000001, Not Active, Not Active, Not Active
2026/09/11 06:18:39.171, 3, 34, 210 MHz, 8.11 W, 0 %, 0x0000000000000001, Not Active, Not Active, Not Active
2026/09/11 06:18:41.171, 0, 34, 210 MHz, 7.23 W, 0 %, 0x0000000000000001, Not Active, Not Active, Not Active
2026/09/11 06:18:41.171, 1, 34, 210 MHz, 10.54 W, 0 %, 0x0000000000000001, Not Active, Not Active, Not Active
2026/09/11 06:18:41.171, 2, 33, 210 MHz, 10.15 W, 0 %, 0x0000000000000001, Not Active, Not Active, Not Active
2026/09/11 06:18:41.172, 3, 34, 210 MHz, 8.22 W, 0 %, 0x0000000000000001, Not Active, Not Active, Not Active
2026/09/11 06:18:43.172, 0, 34, 210 MHz, 7.05 W, 0 %, 0x0000000000000001, Not Active, Not Active, Not Active
2026/09/11 06:18:43.172, 1, 34, 210 MHz, 10.57 W, 0 %, 0x0000000000000001, Not Active, Not Active, Not Active
2026/09/11 06:18:43.172, 2, 33, 210 MHz, 10.05 W, 0 %, 0x0000000000000001, Not Active, Not Active, Not Active
2026/09/11 06:18:43.172, 3, 34, 210 MHz, 8.14 W, 0 %, 0x0000000000000001, Not Active, Not Active, Not Active
2026/09/11 06:18:45.172, 0, 34, 210 MHz, 6.68 W, 0 %, 0x0000000000000001, Not Active, Not Active, Not Active
2026/09/11 06:18:45.172, 1, 33, 210 MHz, 10.68 W, 0 %, 0x0000000000000001, Not Active, Not Active, Not Active
2026/09/11 06:18:45.172, 2, 33, 210 MHz, 10.17 W, 0 %, 0x0000000000000001, Not Active, Not Active, Not Active
2026/09/11 06:18:45.172, 3, 34, 210 MHz, 8.03 W, 0 %, 0x0000000000000001, Not Active, Not Active, Not Active
2026/09/11 06:18:47.172, 0, 34, 210 MHz, 7.11 W, 0 %, 0x0000000000000001, Not Active, Not Active, Not Active
2026/09/11 06:18:47.172, 1, 33, 210 MHz, 10.55 W, 0 %, 0x0000000000000001, Not Active, Not Active, Not Active
2026/09/11 06:18:47.173, 2, 33, 210 MHz, 10.09 W, 0 %, 0x0000000000000001, Not Active, Not Active, Not Active
2026/09/11 06:18:47.173, 3, 34, 210 MHz, 8.00 W, 0 %, 0x0000000000000001, Not Active, Not Active, Not Active
2026/09/11 06:18:49.173, 0, 34, 210 MHz, 7.01 W, 0 %, 0x0000000000000001, Not Active, Not Active, Not Active
2026/09/11 06:18:49.173, 1, 33, 210 MHz, 10.66 W, 0 %, 0x0000000000000001, Not Active, Not Active, Not Active
2026/09/11 06:18:49.173, 2, 33, 210 MHz, 10.07 W, 0 %, 0x0000000000000001, Not Active, Not Active, Not Active
2026/09/11 06:18:49.173, 3, 34, 210 MHz, 8.07 W, 0 %, 0x0000000000000001, Not Active, Not Active, Not Active
2026/09/11 06:18:51.174, 0, 35, 2595 MHz, 10.27 W, 0 %, 0x0000000000000000, Not Active, Not Active, Not Active
2026/09/11 06:18:51.174, 1, 34, 2595 MHz, 12.89 W, 0 %, 0x0000000000000000, Not Active, Not Active, Not Active
2026/09/11 06:18:51.174, 2, 33, 210 MHz, 10.18 W, 0 %, 0x0000000000000001, Not Active, Not Active, Not Active
2026/09/11 06:18:51.174, 3, 34, 210 MHz, 8.06 W, 0 %, 0x0000000000000001, Not Active, Not Active, Not Active
2026/09/11 06:18:53.174, 0, 35, 2595 MHz, 27.37 W, 0 %, 0x0000000000000000, Not Active, Not Active, Not Active
2026/09/11 06:18:53.174, 1, 35, 2595 MHz, 29.76 W, 0 %, 0x0000000000000000, Not Active, Not Active, Not Active
2026/09/11 06:18:53.174, 2, 35, 2595 MHz, 29.02 W, 0 %, 0x0000000000000000, Not Active, Not Active, Not Active
2026/09/11 06:18:53.174, 3, 35, 2595 MHz, 27.31 W, 0 %, 0x0000000000000000, Not Active, Not Active, Not Active
2026/09/11 06:18:55.175, 0, 39, 2745 MHz, 61.02 W, 97 %, 0x0000000000000000, Not Active, Not Active, Not Active
2026/09/11 06:18:55.175, 1, 44, 2730 MHz, 81.88 W, 91 %, 0x0000000000000000, Not Active, Not Active, Not Active
2026/09/11 06:18:55.175, 2, 42, 2805 MHz, 56.90 W, 90 %, 0x0000000000000000, Not Active, Not Active, Not Active
2026/09/11 06:18:55.175, 3, 38, 2730 MHz, 54.18 W, 84 %, 0x0000000000000000, Not Active, Not Active, Not Active
2026/09/11 06:18:57.175, 0, 45, 2745 MHz, 90.62 W, 35 %, 0x0000000000000000, Not Active, Not Active, Not Active
2026/09/11 06:18:57.175, 1, 45, 2730 MHz, 86.72 W, 13 %, 0x0000000000000000, Not Active, Not Active, Not Active
2026/09/11 06:18:57.175, 2, 41, 2805 MHz, 94.27 W, 68 %, 0x0000000000000000, Not Active, Not Active, Not Active
2026/09/11 06:18:57.175, 3, 45, 2745 MHz, 89.63 W, 100 %, 0x0000000000000000, Not Active, Not Active, Not Active
2026/09/11 06:18:59.175, 0, 40, 2745 MHz, 87.63 W, 71 %, 0x0000000000000000, Not Active, Not Active, Not Active
2026/09/11 06:18:59.175, 1, 39, 2730 MHz, 89.33 W, 84 %, 0x0000000000000000, Not Active, Not Active, Not Active
2026/09/11 06:18:59.175, 2, 40, 2805 MHz, 91.03 W, 78 %, 0x0000000000000000, Not Active, Not Active, Not Active
2026/09/11 06:18:59.175, 3, 40, 2730 MHz, 91.91 W, 79 %, 0x0000000000000000, Not Active, Not Active, Not Active
2026/09/11 06:19:01.176, 0, 44, 2745 MHz, 87.63 W, 100 %, 0x0000000000000000, Not Active, Not Active, Not Active
2026/09/11 06:19:01.176, 1, 44, 2730 MHz, 88.28 W, 75 %, 0x0000000000000000, Not Active, Not Active, Not Active
2026/09/11 06:19:01.176, 2, 45, 2805 MHz, 92.56 W, 100 %, 0x0000000000000000, Not Active, Not Active, Not Active
2026/09/11 06:19:01.176, 3, 44, 2730 MHz, 87.73 W, 38 %, 0x0000000000000000, Not Active, Not Active, Not Active
2026/09/11 06:19:03.176, 0, 40, 2745 MHz, 91.25 W, 70 %, 0x0000000000000000, Not Active, Not Active, Not Active
2026/09/11 06:19:03.177, 1, 41, 2730 MHz, 94.22 W, 100 %, 0x0000000000000000, Not Active, Not Active, Not Active
2026/09/11 06:19:03.177, 2, 45, 2805 MHz, 89.76 W, 76 %, 0x0000000000000000, Not Active, Not Active, Not Active
2026/09/11 06:19:03.177, 3, 40, 2730 MHz, 89.14 W, 35 %, 0x0000000000000000, Not Active, Not Active, Not Active
2026/09/11 06:19:05.177, 0, 47, 2745 MHz, 88.93 W, 34 %, 0x0000000000000000, Not Active, Not Active, Not Active
2026/09/11 06:19:05.177, 1, 41, 2730 MHz, 87.65 W, 47 %, 0x0000000000000000, Not Active, Not Active, Not Active
2026/09/11 06:19:05.177, 2, 41, 2805 MHz, 93.44 W, 82 %, 0x0000000000000000, Not Active, Not Active, Not Active
2026/09/11 06:19:05.177, 3, 44, 2730 MHz, 92.46 W, 100 %, 0x0000000000000000, Not Active, Not Active, Not Active
2026/09/11 06:19:07.177, 0, 40, 2745 MHz, 92.44 W, 100 %, 0x0000000000000000, Not Active, Not Active, Not Active
2026/09/11 06:19:07.177, 1, 42, 2730 MHz, 91.14 W, 100 %, 0x0000000000000000, Not Active, Not Active, Not Active
2026/09/11 06:19:07.177, 2, 45, 2805 MHz, 90.75 W, 72 %, 0x0000000000000000, Not Active, Not Active, Not Active
2026/09/11 06:19:07.177, 3, 43, 2745 MHz, 90.83 W, 29 %, 0x0000000000000000, Not Active, Not Active, Not Active
2026/09/11 06:19:09.178, 0, 44, 2730 MHz, 87.70 W, 13 %, 0x0000000000000000, Not Active, Not Active, Not Active
2026/09/11 06:19:09.178, 1, 41, 2730 MHz, 91.35 W, 61 %, 0x0000000000000000, Not Active, Not Active, Not Active
2026/09/11 06:19:09.178, 2, 41, 2805 MHz, 92.40 W, 38 %, 0x0000000000000000, Not Active, Not Active, Not Active
2026/09/11 06:19:09.178, 3, 43, 2730 MHz, 91.49 W, 100 %, 0x0000000000000000, Not Active, Not Active, Not Active
2026/09/11 06:19:11.178, 0, 47, 2745 MHz, 93.79 W, 88 %, 0x0000000000000000, Not Active, Not Active, Not Active
2026/09/11 06:19:11.178, 1, 47, 2730 MHz, 92.56 W, 27 %, 0x0000000000000000, Not Active, Not Active, Not Active
2026/09/11 06:19:11.178, 2, 46, 2805 MHz, 95.79 W, 100 %, 0x0000000000000000, Not Active, Not Active, Not Active
2026/09/11 06:19:11.178, 3, 47, 2730 MHz, 89.27 W, 100 %, 0x0000000000000000, Not Active, Not Active, Not Active
2026/09/11 06:19:13.180, 0, 43, 2730 MHz, 91.05 W, 81 %, 0x0000000000000000, Not Active, Not Active, Not Active
2026/09/11 06:19:13.180, 1, 44, 2730 MHz, 89.23 W, 100 %, 0x0000000000000000, Not Active, Not Active, Not Active
2026/09/11 06:19:13.180, 2, 47, 2805 MHz, 89.95 W, 42 %, 0x0000000000000000, Not Active, Not Active, Not Active
2026/09/11 06:19:13.180, 3, 45, 2730 MHz, 86.26 W, 39 %, 0x0000000000000000, Not Active, Not Active, Not Active
2026/09/11 06:19:15.183, 0, 48, 2745 MHz, 90.35 W, 25 %, 0x0000000000000000, Not Active, Not Active, Not Active
2026/09/11 06:19:15.183, 1, 42, 2730 MHz, 91.67 W, 50 %, 0x0000000000000000, Not Active, Not Active, Not Active
2026/09/11 06:19:15.183, 2, 42, 2805 MHz, 96.53 W, 58 %, 0x0000000000000000, Not Active, Not Active, Not Active
2026/09/11 06:19:15.183, 3, 45, 2730 MHz, 95.13 W, 100 %, 0x0000000000000000, Not Active, Not Active, Not Active
2026/09/11 06:19:17.185, 0, 48, 2745 MHz, 90.28 W, 73 %, 0x0000000000000000, Not Active, Not Active, Not Active
2026/09/11 06:19:17.185, 1, 46, 2730 MHz, 88.07 W, 32 %, 0x0000000000000000, Not Active, Not Active, Not Active
2026/09/11 06:19:17.185, 2, 44, 2805 MHz, 94.92 W, 100 %, 0x0000000000000000, Not Active, Not Active, Not Active
2026/09/11 06:19:17.185, 3, 48, 2730 MHz, 90.95 W, 100 %, 0x0000000000000000, Not Active, Not Active, Not Active
2026/09/11 06:19:19.187, 0, 41, 2745 MHz, 90.90 W, 100 %, 0x0000000000000000, Not Active, Not Active, Not Active
2026/09/11 06:19:19.187, 1, 47, 2730 MHz, 88.85 W, 100 %, 0x0000000000000000, Not Active, Not Active, Not Active
2026/09/11 06:19:19.187, 2, 47, 2805 MHz, 92.06 W, 100 %, 0x0000000000000000, Not Active, Not Active, Not Active
2026/09/11 06:19:19.187, 3, 45, 2730 MHz, 86.59 W, 12 %, 0x0000000000000000, Not Active, Not Active, Not Active
2026/09/11 06:19:21.187, 0, 43, 2730 MHz, 88.86 W, 42 %, 0x0000000000000000, Not Active, Not Active, Not Active
2026/09/11 06:19:21.187, 1, 42, 2730 MHz, 92.95 W, 87 %, 0x0000000000000000, Not Active, Not Active, Not Active
2026/09/11 06:19:21.187, 2, 46, 2805 MHz, 89.90 W, 61 %, 0x0000000000000000, Not Active, Not Active, Not Active
2026/09/11 06:19:21.187, 3, 43, 2730 MHz, 91.46 W, 91 %, 0x0000000000000000, Not Active, Not Active, Not Active
2026/09/11 06:19:23.188, 0, 48, 2730 MHz, 94.14 W, 87 %, 0x0000000000000000, Not Active, Not Active, Not Active
2026/09/11 06:19:23.188, 1, 46, 2730 MHz, 88.45 W, 46 %, 0x0000000000000000, Not Active, Not Active, Not Active
2026/09/11 06:19:23.188, 2, 47, 2805 MHz, 95.91 W, 100 %, 0x0000000000000000, Not Active, Not Active, Not Active
2026/09/11 06:19:23.188, 3, 49, 2730 MHz, 92.60 W, 100 %, 0x0000000000000000, Not Active, Not Active, Not Active
2026/09/11 06:19:25.190, 0, 49, 2730 MHz, 90.21 W, 100 %, 0x0000000000000000, Not Active, Not Active, Not Active
2026/09/11 06:19:25.191, 1, 47, 2730 MHz, 89.09 W, 95 %, 0x0000000000000000, Not Active, Not Active, Not Active
2026/09/11 06:19:25.191, 2, 48, 2805 MHz, 95.75 W, 80 %, 0x0000000000000000, Not Active, Not Active, Not Active
2026/09/11 06:19:25.191, 3, 48, 2730 MHz, 88.70 W, 38 %, 0x0000000000000000, Not Active, Not Active, Not Active
2026/09/11 06:19:27.192, 0, 45, 2730 MHz, 88.20 W, 26 %, 0x0000000000000000, Not Active, Not Active, Not Active
2026/09/11 06:19:27.192, 1, 48, 2730 MHz, 92.47 W, 66 %, 0x0000000000000000, Not Active, Not Active, Not Active
2026/09/11 06:19:27.192, 2, 43, 2805 MHz, 90.57 W, 39 %, 0x0000000000000000, Not Active, Not Active, Not Active
2026/09/11 06:19:27.193, 3, 44, 2730 MHz, 90.25 W, 100 %, 0x0000000000000000, Not Active, Not Active, Not Active
2026/09/11 06:19:29.193, 0, 43, 2730 MHz, 93.27 W, 83 %, 0x0000000000000000, Not Active, Not Active, Not Active
2026/09/11 06:19:29.193, 1, 47, 2730 MHz, 93.71 W, 39 %, 0x0000000000000000, Not Active, Not Active, Not Active
2026/09/11 06:19:29.193, 2, 44, 2805 MHz, 98.34 W, 100 %, 0x0000000000000000, Not Active, Not Active, Not Active
2026/09/11 06:19:29.193, 3, 49, 2730 MHz, 94.28 W, 100 %, 0x0000000000000000, Not Active, Not Active, Not Active
2026/09/11 06:19:31.194, 0, 49, 2730 MHz, 94.32 W, 100 %, 0x0000000000000000, Not Active, Not Active, Not Active
2026/09/11 06:19:31.194, 1, 44, 2730 MHz, 93.31 W, 83 %, 0x0000000000000000, Not Active, Not Active, Not Active
2026/09/11 06:19:31.194, 2, 49, 2805 MHz, 95.93 W, 100 %, 0x0000000000000000, Not Active, Not Active, Not Active
2026/09/11 06:19:31.194, 3, 48, 2730 MHz, 88.96 W, 38 %, 0x0000000000000000, Not Active, Not Active, Not Active
2026/09/11 06:19:33.198, 0, 48, 2745 MHz, 89.33 W, 100 %, 0x0000000000000000, Not Active, Not Active, Not Active
2026/09/11 06:19:33.199, 1, 49, 2730 MHz, 92.92 W, 100 %, 0x0000000000000000, Not Active, Not Active, Not Active
2026/09/11 06:19:33.199, 2, 43, 2805 MHz, 90.38 W, 53 %, 0x0000000000000000, Not Active, Not Active, Not Active
2026/09/11 06:19:33.199, 3, 43, 2730 MHz, 86.91 W, 45 %, 0x0000000000000000, Not Active, Not Active, Not Active
2026/09/11 06:19:35.202, 0, 45, 2745 MHz, 88.30 W, 11 %, 0x0000000000000000, Not Active, Not Active, Not Active
2026/09/11 06:19:35.202, 1, 49, 2730 MHz, 92.34 W, 80 %, 0x0000000000000000, Not Active, Not Active, Not Active
2026/09/11 06:19:35.202, 2, 43, 2805 MHz, 92.16 W, 52 %, 0x0000000000000000, Not Active, Not Active, Not Active
2026/09/11 06:19:35.202, 3, 45, 2730 MHz, 92.54 W, 97 %, 0x0000000000000000, Not Active, Not Active, Not Active
2026/09/11 06:19:37.203, 0, 45, 2730 MHz, 91.50 W, 68 %, 0x0000000000000000, Not Active, Not Active, Not Active
2026/09/11 06:19:37.203, 1, 47, 2730 MHz, 88.92 W, 60 %, 0x0000000000000000, Not Active, Not Active, Not Active
2026/09/11 06:19:37.203, 2, 46, 2805 MHz, 96.67 W, 100 %, 0x0000000000000000, Not Active, Not Active, Not Active
2026/09/11 06:19:37.203, 3, 51, 2730 MHz, 92.99 W, 100 %, 0x0000000000000000, Not Active, Not Active, Not Active
2026/09/11 06:19:39.203, 0, 49, 2730 MHz, 91.48 W, 100 %, 0x0000000000000000, Not Active, Not Active, Not Active
2026/09/11 06:19:39.203, 1, 45, 2730 MHz, 92.18 W, 86 %, 0x0000000000000000, Not Active, Not Active, Not Active
2026/09/11 06:19:39.203, 2, 50, 2805 MHz, 95.69 W, 97 %, 0x0000000000000000, Not Active, Not Active, Not Active
2026/09/11 06:19:39.203, 3, 49, 2730 MHz, 90.22 W, 35 %, 0x0000000000000000, Not Active, Not Active, Not Active
2026/09/11 06:19:41.204, 0, 49, 2730 MHz, 89.81 W, 60 %, 0x0000000000000000, Not Active, Not Active, Not Active
2026/09/11 06:19:41.204, 1, 50, 2730 MHz, 92.41 W, 100 %, 0x0000000000000000, Not Active, Not Active, Not Active
2026/09/11 06:19:41.204, 2, 47, 2805 MHz, 94.45 W, 30 %, 0x0000000000000000, Not Active, Not Active, Not Active
2026/09/11 06:19:41.204, 3, 44, 2730 MHz, 90.96 W, 56 %, 0x0000000000000000, Not Active, Not Active, Not Active
2026/09/11 06:19:43.205, 0, 45, 2730 MHz, 93.72 W, 44 %, 0x0000000000000000, Not Active, Not Active, Not Active
2026/09/11 06:19:43.205, 1, 49, 2730 MHz, 91.82 W, 56 %, 0x0000000000000000, Not Active, Not Active, Not Active
2026/09/11 06:19:43.205, 2, 45, 2805 MHz, 92.83 W, 74 %, 0x0000000000000000, Not Active, Not Active, Not Active
2026/09/11 06:19:43.205, 3, 48, 2730 MHz, 91.28 W, 100 %, 0x0000000000000000, Not Active, Not Active, Not Active
2026/09/11 06:19:45.206, 0, 44, 2730 MHz, 95.06 W, 64 %, 0x0000000000000000, Not Active, Not Active, Not Active
2026/09/11 06:19:45.206, 1, 48, 2730 MHz, 89.40 W, 25 %, 0x0000000000000000, Not Active, Not Active, Not Active
2026/09/11 06:19:45.206, 2, 47, 2805 MHz, 99.38 W, 100 %, 0x0000000000000000, Not Active, Not Active, Not Active
2026/09/11 06:19:45.206, 3, 51, 2730 MHz, 96.01 W, 100 %, 0x0000000000000000, Not Active, Not Active, Not Active
2026/09/11 06:19:47.206, 0, 50, 2730 MHz, 94.36 W, 100 %, 0x0000000000000000, Not Active, Not Active, Not Active
2026/09/11 06:19:47.206, 1, 45, 2730 MHz, 93.17 W, 78 %, 0x0000000000000000, Not Active, Not Active, Not Active
2026/09/11 06:19:47.206, 2, 51, 2805 MHz, 97.04 W, 100 %, 0x0000000000000000, Not Active, Not Active, Not Active
2026/09/11 06:19:47.206, 3, 50, 2730 MHz, 90.81 W, 55 %, 0x0000000000000000, Not Active, Not Active, Not Active
2026/09/11 06:19:49.207, 0, 51, 2730 MHz, 98.27 W, 100 %, 0x0000000000000000, Not Active, Not Active, Not Active
2026/09/11 06:19:49.207, 1, 46, 2730 MHz, 95.71 W, 75 %, 0x0000000000000000, Not Active, Not Active, Not Active
2026/09/11 06:19:49.207, 2, 51, 2790 MHz, 97.33 W, 91 %, 0x0000000000000000, Not Active, Not Active, Not Active
2026/09/11 06:19:49.207, 3, 51, 2730 MHz, 90.74 W, 54 %, 0x0000000000000000, Not Active, Not Active, Not Active
2026/09/11 06:19:51.208, 0, 50, 2745 MHz, 92.43 W, 73 %, 0x0000000000000000, Not Active, Not Active, Not Active
2026/09/11 06:19:51.208, 1, 50, 2730 MHz, 91.68 W, 100 %, 0x0000000000000000, Not Active, Not Active, Not Active
2026/09/11 06:19:51.208, 2, 50, 2805 MHz, 94.33 W, 32 %, 0x0000000000000000, Not Active, Not Active, Not Active
2026/09/11 06:19:51.208, 3, 45, 2730 MHz, 87.98 W, 59 %, 0x0000000000000000, Not Active, Not Active, Not Active
2026/09/11 06:19:53.210, 0, 47, 2730 MHz, 93.35 W, 51 %, 0x0000000000000000, Not Active, Not Active, Not Active
2026/09/11 06:19:53.210, 1, 48, 2730 MHz, 90.63 W, 64 %, 0x0000000000000000, Not Active, Not Active, Not Active
2026/09/11 06:19:53.210, 2, 45, 2805 MHz, 92.44 W, 84 %, 0x0000000000000000, Not Active, Not Active, Not Active
2026/09/11 06:19:53.210, 3, 46, 2730 MHz, 92.18 W, 100 %, 0x0000000000000000, Not Active, Not Active, Not Active
2026/09/11 06:19:55.210, 0, 49, 2745 MHz, 90.08 W, 100 %, 0x0000000000000000, Not Active, Not Active, Not Active
2026/09/11 06:19:55.210, 1, 49, 2730 MHz, 89.51 W, 33 %, 0x0000000000000000, Not Active, Not Active, Not Active
2026/09/11 06:19:55.210, 2, 52, 2805 MHz, 89.96 W, 100 %, 0x0000000000000000, Not Active, Not Active, Not Active
2026/09/11 06:19:55.210, 3, 51, 2730 MHz, 89.29 W, 66 %, 0x0000000000000000, Not Active, Not Active, Not Active
2026/09/11 06:19:57.211, 0, 51, 2730 MHz, 90.89 W, 100 %, 0x0000000000000000, Not Active, Not Active, Not Active
2026/09/11 06:19:57.211, 1, 48, 2730 MHz, 95.91 W, 80 %, 0x0000000000000000, Not Active, Not Active, Not Active
2026/09/11 06:19:57.211, 2, 51, 2805 MHz, 96.00 W, 99 %, 0x0000000000000000, Not Active, Not Active, Not Active
2026/09/11 06:19:57.211, 3, 50, 2730 MHz, 87.68 W, 13 %, 0x0000000000000000, Not Active, Not Active, Not Active
2026/09/11 06:19:59.212, 0, 51, 2730 MHz, 95.78 W, 84 %, 0x0000000000000000, Not Active, Not Active, Not Active
2026/09/11 06:19:59.212, 1, 52, 2730 MHz, 95.15 W, 100 %, 0x0000000000000000, Not Active, Not Active, Not Active
2026/09/11 06:19:59.213, 2, 51, 2805 MHz, 95.38 W, 47 %, 0x0000000000000000, Not Active, Not Active, Not Active
2026/09/11 06:19:59.213, 3, 51, 2730 MHz, 88.51 W, 39 %, 0x0000000000000000, Not Active, Not Active, Not Active
2026/09/11 06:20:01.213, 0, 44, 2730 MHz, 89.18 W, 33 %, 0x0000000000000000, Not Active, Not Active, Not Active
2026/09/11 06:20:01.213, 1, 51, 2730 MHz, 93.97 W, 93 %, 0x0000000000000000, Not Active, Not Active, Not Active
2026/09/11 06:20:01.213, 2, 45, 2790 MHz, 93.96 W, 42 %, 0x0000000000000000, Not Active, Not Active, Not Active
2026/09/11 06:20:01.214, 3, 46, 2730 MHz, 92.61 W, 73 %, 0x0000000000000000, Not Active, Not Active, Not Active
2026/09/11 06:20:03.214, 0, 45, 2730 MHz, 94.31 W, 56 %, 0x0000000000000000, Not Active, Not Active, Not Active
2026/09/11 06:20:03.214, 1, 50, 2730 MHz, 89.61 W, 32 %, 0x0000000000000000, Not Active, Not Active, Not Active
2026/09/11 06:20:03.214, 2, 48, 2790 MHz, 99.54 W, 98 %, 0x0000000000000000, Not Active, Not Active, Not Active
2026/09/11 06:20:03.214, 3, 53, 2730 MHz, 92.97 W, 100 %, 0x0000000000000000, Not Active, Not Active, Not Active
2026/09/11 06:20:05.214, 0, 50, 2730 MHz, 92.68 W, 100 %, 0x0000000000000000, Not Active, Not Active, Not Active
2026/09/11 06:20:05.214, 1, 46, 2730 MHz, 89.63 W, 100 %, 0x0000000000000000, Not Active, Not Active, Not Active
2026/09/11 06:20:05.214, 2, 53, 2790 MHz, 91.86 W, 100 %, 0x0000000000000000, Not Active, Not Active, Not Active
2026/09/11 06:20:05.214, 3, 52, 2730 MHz, 91.65 W, 62 %, 0x0000000000000000, Not Active, Not Active, Not Active
2026/09/11 06:20:07.218, 0, 51, 2730 MHz, 94.07 W, 48 %, 0x0000000000000000, Not Active, Not Active, Not Active
2026/09/11 06:20:07.218, 1, 53, 2730 MHz, 94.13 W, 100 %, 0x0000000000000000, Not Active, Not Active, Not Active
2026/09/11 06:20:07.219, 2, 52, 2790 MHz, 92.68 W, 4 %, 0x0000000000000000, Not Active, Not Active, Not Active
2026/09/11 06:20:07.219, 3, 47, 2730 MHz, 88.83 W, 56 %, 0x0000000000000000, Not Active, Not Active, Not Active
2026/09/11 06:20:09.219, 0, 45, 2730 MHz, 90.61 W, 29 %, 0x0000000000000000, Not Active, Not Active, Not Active
2026/09/11 06:20:09.219, 1, 51, 2730 MHz, 91.59 W, 67 %, 0x0000000000000000, Not Active, Not Active, Not Active
2026/09/11 06:20:09.219, 2, 46, 2790 MHz, 96.88 W, 57 %, 0x0000000000000000, Not Active, Not Active, Not Active
2026/09/11 06:20:09.219, 3, 48, 2730 MHz, 95.87 W, 100 %, 0x0000000000000000, Not Active, Not Active, Not Active
2026/09/11 06:20:11.220, 0, 47, 2730 MHz, 96.15 W, 100 %, 0x0000000000000000, Not Active, Not Active, Not Active
2026/09/11 06:20:11.220, 1, 52, 2730 MHz, 90.54 W, 45 %, 0x0000000000000000, Not Active, Not Active, Not Active
2026/09/11 06:20:11.220, 2, 52, 2790 MHz, 98.78 W, 100 %, 0x0000000000000000, Not Active, Not Active, Not Active
2026/09/11 06:20:11.220, 3, 53, 2730 MHz, 94.79 W, 100 %, 0x0000000000000000, Not Active, Not Active, Not Active
2026/09/11 06:20:13.221, 0, 44, 2745 MHz, 75.50 W, 69 %, 0x0000000000000000, Not Active, Not Active, Not Active
2026/09/11 06:20:13.233, 1, 44, 2730 MHz, 58.85 W, 0 %, 0x0000000000000000, Not Active, Not Active, Not Active
2026/09/11 06:20:13.234, 2, 45, 2805 MHz, 77.52 W, 23 %, 0x0000000000000000, Not Active, Not Active, Not Active
2026/09/11 06:20:13.235, 3, 45, 2730 MHz, 73.90 W, 0 %, 0x0000000000000000, Not Active, Not Active, Not Active
2026/09/11 06:20:15.241, 0, 43, 2745 MHz, 31.85 W, 0 %, 0x0000000000000000, Not Active, Not Active, Not Active
2026/09/11 06:20:15.250, 1, 43, 2730 MHz, 33.48 W, 0 %, 0x0000000000000000, Not Active, Not Active, Not Active
2026/09/11 06:20:15.265, 2, 44, 2805 MHz, 35.42 W, 0 %, 0x0000000000000000, Not Active, Not Active, Not Active
2026/09/11 06:20:15.277, 3, 44, 2730 MHz, 31.97 W, 0 %, 0x0000000000000000, Not Active, Not Active, Not Active
2026/09/11 06:20:17.282, 0, 43, 2745 MHz, 44.34 W, 100 %, 0x0000000000000000, Not Active, Not Active, Not Active
2026/09/11 06:20:17.332, 1, 43, 2730 MHz, 45.57 W, 100 %, 0x0000000000000000, Not Active, Not Active, Not Active
2026/09/11 06:20:17.333, 2, 44, 2805 MHz, 44.23 W, 0 %, 0x0000000000000000, Not Active, Not Active, Not Active
2026/09/11 06:20:17.342, 3, 44, 2730 MHz, 39.95 W, 92 %, 0x0000000000000000, Not Active, Not Active, Not Active
2026/09/11 06:20:19.344, 0, 42, 2595 MHz, 30.19 W, 0 %, 0x0000000000000000, Not Active, Not Active, Not Active
2026/09/11 06:20:19.359, 1, 43, 2595 MHz, 31.96 W, 0 %, 0x0000000000000000, Not Active, Not Active, Not Active
2026/09/11 06:20:19.360, 2, 42, 2595 MHz, 31.41 W, 0 %, 0x0000000000000000, Not Active, Not Active, Not Active
2026/09/11 06:20:19.361, 3, 43, 2595 MHz, 29.52 W, 0 %, 0x0000000000000000, Not Active, Not Active, Not Active
2026/09/11 06:20:21.363, 0, 42, 2745 MHz, 39.07 W, 1 %, 0x0000000000000000, Not Active, Not Active, Not Active
2026/09/11 06:20:21.367, 1, 43, 2730 MHz, 35.35 W, 0 %, 0x0000000000000000, Not Active, Not Active, Not Active
2026/09/11 06:20:21.367, 2, 43, 2805 MHz, 36.61 W, 1 %, 0x0000000000000000, Not Active, Not Active, Not Active
2026/09/11 06:20:21.367, 3, 44, 2730 MHz, 33.31 W, 0 %, 0x0000000000000000, Not Active, Not Active, Not Active
2026/09/11 06:20:23.369, 0, 42, 2745 MHz, 31.50 W, 0 %, 0x0000000000000000, Not Active, Not Active, Not Active
2026/09/11 06:20:23.398, 1, 43, 2730 MHz, 33.49 W, 0 %, 0x0000000000000000, Not Active, Not Active, Not Active
2026/09/11 06:20:23.399, 2, 43, 2805 MHz, 35.00 W, 0 %, 0x0000000000000000, Not Active, Not Active, Not Active
2026/09/11 06:20:23.399, 3, 43, 2730 MHz, 31.16 W, 0 %, 0x0000000000000000, Not Active, Not Active, Not Active
2026/09/11 06:20:25.400, 0, 43, 2745 MHz, 38.36 W, 100 %, 0x0000000000000000, Not Active, Not Active, Not Active
2026/09/11 06:20:25.405, 1, 47, 2595 MHz, 31.17 W, 0 %, 0x0000000000000000, Not Active, Not Active, Not Active
2026/09/11 06:20:25.405, 2, 48, 2595 MHz, 33.97 W, 59 %, 0x0000000000000000, Not Active, Not Active, Not Active
2026/09/11 06:20:25.406, 3, 43, 2595 MHz, 28.24 W, 0 %, 0x0000000000000000, Not Active, Not Active, Not Active
2026/09/11 06:20:27.411, 0, 42, 2745 MHz, 31.33 W, 0 %, 0x0000000000000000, Not Active, Not Active, Not Active
2026/09/11 06:20:27.435, 1, 43, 2730 MHz, 34.04 W, 0 %, 0x0000000000000000, Not Active, Not Active, Not Active
2026/09/11 06:20:27.436, 2, 43, 2805 MHz, 35.33 W, 0 %, 0x0000000000000000, Not Active, Not Active, Not Active
2026/09/11 06:20:27.436, 3, 43, 2730 MHz, 31.26 W, 0 %, 0x0000000000000000, Not Active, Not Active, Not Active
2026/09/11 06:20:29.437, 0, 48, 2595 MHz, 32.18 W, 58 %, 0x0000000000000000, Not Active, Not Active, Not Active
2026/09/11 06:20:29.449, 1, 42, 2595 MHz, 30.25 W, 0 %, 0x0000000000000000, Not Active, Not Active, Not Active
2026/09/11 06:20:29.455, 2, 47, 2595 MHz, 30.95 W, 15 %, 0x0000000000000000, Not Active, Not Active, Not Active
2026/09/11 06:20:29.460, 3, 45, 2595 MHz, 28.40 W, 22 %, 0x0000000000000000, Not Active, Not Active, Not Active
2026/09/11 06:20:31.468, 0, 42, 2745 MHz, 46.76 W, 0 %, 0x0000000000000000, Not Active, Not Active, Not Active
2026/09/11 06:20:31.471, 1, 43, 2730 MHz, 48.08 W, 1 %, 0x0000000000000000, Not Active, Not Active, Not Active
2026/09/11 06:20:31.471, 2, 42, 2805 MHz, 49.69 W, 0 %, 0x0000000000000000, Not Active, Not Active, Not Active
2026/09/11 06:20:31.471, 3, 43, 2730 MHz, 46.39 W, 100 %, 0x0000000000000000, Not Active, Not Active, Not Active
2026/09/11 06:20:33.472, 0, 42, 2595 MHz, 29.93 W, 0 %, 0x0000000000000000, Not Active, Not Active, Not Active
2026/09/11 06:20:33.487, 1, 42, 2595 MHz, 32.70 W, 0 %, 0x0000000000000000, Not Active, Not Active, Not Active
2026/09/11 06:20:33.487, 2, 42, 2595 MHz, 33.39 W, 0 %, 0x0000000000000000, Not Active, Not Active, Not Active
2026/09/11 06:20:33.487, 3, 42, 2595 MHz, 30.29 W, 0 %, 0x0000000000000000, Not Active, Not Active, Not Active
2026/09/11 06:20:35.489, 0, 42, 2745 MHz, 31.41 W, 0 %, 0x0000000000000000, Not Active, Not Active, Not Active
2026/09/11 06:20:35.523, 1, 42, 2730 MHz, 34.37 W, 0 %, 0x0000000000000000, Not Active, Not Active, Not Active
2026/09/11 06:20:35.523, 2, 42, 2805 MHz, 35.51 W, 0 %, 0x0000000000000000, Not Active, Not Active, Not Active
2026/09/11 06:20:35.523, 3, 43, 2730 MHz, 32.00 W, 0 %, 0x0000000000000000, Not Active, Not Active, Not Active
2026/09/11 06:20:37.531, 0, 41, 2595 MHz, 28.15 W, 0 %, 0x0000000000000000, Not Active, Not Active, Not Active
2026/09/11 06:20:37.572, 1, 42, 2595 MHz, 32.91 W, 0 %, 0x0000000000000000, Not Active, Not Active, Not Active
2026/09/11 06:20:37.573, 2, 41, 2595 MHz, 32.00 W, 0 %, 0x0000000000000000, Not Active, Not Active, Not Active
2026/09/11 06:20:37.577, 3, 42, 2595 MHz, 30.09 W, 0 %, 0x0000000000000000, Not Active, Not Active, Not Active
2026/09/11 06:20:39.586, 0, 41, 2595 MHz, 27.62 W, 0 %, 0x0000000000000000, Not Active, Not Active, Not Active
2026/09/11 06:20:39.589, 1, 42, 2595 MHz, 30.20 W, 0 %, 0x0000000000000000, Not Active, Not Active, Not Active
2026/09/11 06:20:39.589, 2, 41, 2595 MHz, 30.06 W, 0 %, 0x0000000000000000, Not Active, Not Active, Not Active
2026/09/11 06:20:39.589, 3, 42, 2595 MHz, 27.92 W, 0 %, 0x0000000000000000, Not Active, Not Active, Not Active
2026/09/11 06:20:41.593, 0, 41, 2595 MHz, 27.75 W, 0 %, 0x0000000000000000, Not Active, Not Active, Not Active
2026/09/11 06:20:41.601, 1, 42, 2595 MHz, 30.20 W, 0 %, 0x0000000000000000, Not Active, Not Active, Not Active
2026/09/11 06:20:41.601, 2, 41, 2595 MHz, 30.05 W, 0 %, 0x0000000000000000, Not Active, Not Active, Not Active
2026/09/11 06:20:41.602, 3, 42, 2595 MHz, 27.91 W, 0 %, 0x0000000000000000, Not Active, Not Active, Not Active
2026/09/11 06:20:43.613, 0, 41, 2595 MHz, 27.71 W, 0 %, 0x0000000000000000, Not Active, Not Active, Not Active
2026/09/11 06:20:43.616, 1, 42, 2595 MHz, 30.15 W, 0 %, 0x0000000000000000, Not Active, Not Active, Not Active
2026/09/11 06:20:43.616, 2, 41, 2595 MHz, 30.06 W, 0 %, 0x0000000000000000, Not Active, Not Active, Not Active
2026/09/11 06:20:43.617, 3, 42, 2595 MHz, 27.94 W, 0 %, 0x0000000000000000, Not Active, Not Active, Not Active
2026/09/11 06:20:45.622, 0, 41, 2595 MHz, 27.56 W, 0 %, 0x0000000000000000, Not Active, Not Active, Not Active
2026/09/11 06:20:45.651, 1, 41, 2595 MHz, 30.17 W, 0 %, 0x0000000000000000, Not Active, Not Active, Not Active
2026/09/11 06:20:45.654, 2, 41, 2595 MHz, 30.05 W, 0 %, 0x0000000000000000, Not Active, Not Active, Not Active
2026/09/11 06:20:45.654, 3, 42, 2595 MHz, 27.95 W, 0 %, 0x0000000000000000, Not Active, Not Active, Not Active
2026/09/11 06:20:47.655, 0, 41, 2595 MHz, 27.64 W, 0 %, 0x0000000000000000, Not Active, Not Active, Not Active
2026/09/11 06:20:47.669, 1, 47, 2595 MHz, 39.82 W, 100 %, 0x0000000000000000, Not Active, Not Active, Not Active
2026/09/11 06:20:47.669, 2, 40, 2595 MHz, 30.09 W, 0 %, 0x0000000000000000, Not Active, Not Active, Not Active
2026/09/11 06:20:47.669, 3, 42, 2595 MHz, 27.96 W, 0 %, 0x0000000000000000, Not Active, Not Active, Not Active
2026/09/11 06:20:49.693, 0, 41, 2745 MHz, 31.34 W, 0 %, 0x0000000000000000, Not Active, Not Active, Not Active
2026/09/11 06:20:49.701, 1, 42, 2730 MHz, 33.45 W, 0 %, 0x0000000000000000, Not Active, Not Active, Not Active
2026/09/11 06:20:49.702, 2, 41, 2805 MHz, 34.85 W, 0 %, 0x0000000000000000, Not Active, Not Active, Not Active
2026/09/11 06:20:49.702, 3, 42, 2730 MHz, 31.68 W, 0 %, 0x0000000000000000, Not Active, Not Active, Not Active
2026/09/11 06:20:51.713, 0, 41, 2595 MHz, 27.92 W, 0 %, 0x0000000000000000, Not Active, Not Active, Not Active
2026/09/11 06:20:51.818, 1, 41, 2595 MHz, 30.83 W, 0 %, 0x0000000000000000, Not Active, Not Active, Not Active
2026/09/11 06:20:51.885, 2, 40, 2595 MHz, 30.51 W, 0 %, 0x0000000000000000, Not Active, Not Active, Not Active
2026/09/11 06:20:51.886, 3, 41, 2595 MHz, 28.18 W, 0 %, 0x0000000000000000, Not Active, Not Active, Not Active
2026/09/11 06:20:53.887, 0, 41, 2595 MHz, 27.74 W, 0 %, 0x0000000000000000, Not Active, Not Active, Not Active
2026/09/11 06:20:53.919, 1, 41, 2595 MHz, 30.22 W, 0 %, 0x0000000000000000, Not Active, Not Active, Not Active
2026/09/11 06:20:53.919, 2, 40, 2595 MHz, 30.01 W, 0 %, 0x0000000000000000, Not Active, Not Active, Not Active
2026/09/11 06:20:53.920, 3, 41, 2595 MHz, 27.80 W, 0 %, 0x0000000000000000, Not Active, Not Active, Not Active
2026/09/11 06:20:55.922, 0, 40, 2595 MHz, 27.70 W, 0 %, 0x0000000000000000, Not Active, Not Active, Not Active
2026/09/11 06:20:55.999, 1, 41, 2595 MHz, 30.17 W, 0 %, 0x0000000000000000, Not Active, Not Active, Not Active
2026/09/11 06:20:56.001, 2, 40, 2595 MHz, 30.00 W, 0 %, 0x0000000000000000, Not Active, Not Active, Not Active
2026/09/11 06:20:56.001, 3, 41, 2595 MHz, 27.77 W, 0 %, 0x0000000000000000, Not Active, Not Active, Not Active
2026/09/11 06:20:58.174, 0, 40, 2595 MHz, 27.49 W, 0 %, 0x0000000000000000, Not Active, Not Active, Not Active
2026/09/11 06:20:58.219, 1, 41, 2595 MHz, 30.22 W, 0 %, 0x0000000000000000, Not Active, Not Active, Not Active
2026/09/11 06:20:58.220, 2, 40, 2595 MHz, 30.04 W, 0 %, 0x0000000000000000, Not Active, Not Active, Not Active
2026/09/11 06:20:58.220, 3, 41, 2595 MHz, 27.73 W, 32 %, 0x0000000000000000, Not Active, Not Active, Not Active
2026/09/11 06:21:00.258, 0, 40, 2595 MHz, 27.90 W, 0 %, 0x0000000000000000, Not Active, Not Active, Not Active
2026/09/11 06:21:00.308, 1, 41, 2595 MHz, 30.23 W, 0 %, 0x0000000000000000, Not Active, Not Active, Not Active
2026/09/11 06:21:00.315, 2, 40, 2595 MHz, 29.99 W, 0 %, 0x0000000000000000, Not Active, Not Active, Not Active
2026/09/11 06:21:00.315, 3, 41, 2595 MHz, 27.72 W, 0 %, 0x0000000000000000, Not Active, Not Active, Not Active
2026/09/11 06:21:02.322, 0, 40, 2595 MHz, 27.71 W, 0 %, 0x0000000000000000, Not Active, Not Active, Not Active
2026/09/11 06:21:02.342, 1, 41, 2595 MHz, 30.19 W, 0 %, 0x0000000000000000, Not Active, Not Active, Not Active
2026/09/11 06:21:02.352, 2, 40, 2595 MHz, 30.00 W, 0 %, 0x0000000000000000, Not Active, Not Active, Not Active
2026/09/11 06:21:02.353, 3, 41, 2595 MHz, 27.64 W, 0 %, 0x0000000000000000, Not Active, Not Active, Not Active
2026/09/11 06:21:04.360, 0, 40, 2595 MHz, 27.67 W, 1 %, 0x0000000000000000, Not Active, Not Active, Not Active
2026/09/11 06:21:04.445, 1, 41, 2595 MHz, 30.14 W, 0 %, 0x0000000000000000, Not Active, Not Active, Not Active
2026/09/11 06:21:04.483, 2, 40, 2595 MHz, 30.04 W, 0 %, 0x0000000000000000, Not Active, Not Active, Not Active
2026/09/11 06:21:04.483, 3, 41, 2595 MHz, 27.90 W, 0 %, 0x0000000000000000, Not Active, Not Active, Not Active
2026/09/11 06:21:06.485, 0, 40, 2595 MHz, 27.98 W, 0 %, 0x0000000000000000, Not Active, Not Active, Not Active
2026/09/11 06:21:06.506, 1, 44, 2595 MHz, 41.67 W, 0 %, 0x0000000000000000, Not Active, Not Active, Not Active
2026/09/11 06:21:06.507, 2, 41, 2805 MHz, 41.53 W, 100 %, 0x0000000000000000, Not Active, Not Active, Not Active
2026/09/11 06:21:06.508, 3, 41, 2595 MHz, 27.81 W, 0 %, 0x0000000000000000, Not Active, Not Active, Not Active
2026/09/11 06:21:08.543, 0, 41, 2745 MHz, 34.79 W, 0 %, 0x0000000000000000, Not Active, Not Active, Not Active
2026/09/11 06:21:08.588, 1, 42, 2730 MHz, 37.06 W, 100 %, 0x0000000000000000, Not Active, Not Active, Not Active
2026/09/11 06:21:08.590, 2, 40, 2805 MHz, 38.17 W, 0 %, 0x0000000000000000, Not Active, Not Active, Not Active
2026/09/11 06:21:08.603, 3, 42, 2730 MHz, 41.40 W, 0 %, 0x0000000000000000, Not Active, Not Active, Not Active
2026/09/11 06:21:10.635, 0, 40, 2595 MHz, 30.66 W, 0 %, 0x0000000000000000, Not Active, Not Active, Not Active
2026/09/11 06:21:10.657, 1, 41, 2595 MHz, 32.50 W, 0 %, 0x0000000000000000, Not Active, Not Active, Not Active
2026/09/11 06:21:10.657, 2, 40, 2805 MHz, 34.76 W, 0 %, 0x0000000000000000, Not Active, Not Active, Not Active
2026/09/11 06:21:10.661, 3, 41, 2595 MHz, 30.52 W, 0 %, 0x0000000000000000, Not Active, Not Active, Not Active
2026/09/11 06:21:12.668, 0, 40, 2595 MHz, 27.62 W, 0 %, 0x0000000000000000, Not Active, Not Active, Not Active
2026/09/11 06:21:12.698, 1, 41, 2595 MHz, 30.10 W, 0 %, 0x0000000000000000, Not Active, Not Active, Not Active
2026/09/11 06:21:12.698, 2, 39, 2595 MHz, 29.89 W, 0 %, 0x0000000000000000, Not Active, Not Active, Not Active
2026/09/11 06:21:12.698, 3, 41, 2595 MHz, 27.81 W, 0 %, 0x0000000000000000, Not Active, Not Active, Not Active
2026/09/11 06:21:14.699, 0, 41, 2745 MHz, 39.17 W, 0 %, 0x0000000000000000, Not Active, Not Active, Not Active
2026/09/11 06:21:14.705, 1, 41, 2730 MHz, 45.51 W, 0 %, 0x0000000000000000, Not Active, Not Active, Not Active
2026/09/11 06:21:14.707, 2, 40, 2805 MHz, 44.03 W, 0 %, 0x0000000000000000, Not Active, Not Active, Not Active
2026/09/11 06:21:14.711, 3, 42, 2745 MHz, 40.30 W, 22 %, 0x0000000000000000, Not Active, Not Active, Not Active
2026/09/11 06:21:16.723, 0, 42, 2745 MHz, 88.33 W, 0 %, 0x0000000000000000, Not Active, Not Active, Not Active
2026/09/11 06:21:16.723, 1, 49, 2730 MHz, 78.52 W, 87 %, 0x0000000000000000, Not Active, Not Active, Not Active
2026/09/11 06:21:16.723, 2, 41, 2805 MHz, 87.77 W, 12 %, 0x0000000000000000, Not Active, Not Active, Not Active
2026/09/11 06:21:16.723, 3, 43, 2730 MHz, 87.04 W, 37 %, 0x0000000000000000, Not Active, Not Active, Not Active
2026/09/11 06:21:18.724, 0, 42, 2730 MHz, 74.20 W, 42 %, 0x0000000000000000, Not Active, Not Active, Not Active
2026/09/11 06:21:18.724, 1, 45, 2730 MHz, 70.84 W, 89 %, 0x0000000000000000, Not Active, Not Active, Not Active
2026/09/11 06:21:18.724, 2, 43, 2805 MHz, 76.41 W, 10 %, 0x0000000000000000, Not Active, Not Active, Not Active
2026/09/11 06:21:18.724, 3, 47, 2730 MHz, 71.97 W, 11 %, 0x0000000000000000, Not Active, Not Active, Not Active
2026/09/11 06:21:20.724, 0, 44, 2730 MHz, 93.08 W, 47 %, 0x0000000000000000, Not Active, Not Active, Not Active
2026/09/11 06:21:20.725, 1, 50, 2730 MHz, 91.68 W, 42 %, 0x0000000000000000, Not Active, Not Active, Not Active
2026/09/11 06:21:20.725, 2, 43, 2805 MHz, 92.97 W, 40 %, 0x0000000000000000, Not Active, Not Active, Not Active
2026/09/11 06:21:20.725, 3, 47, 2730 MHz, 87.29 W, 100 %, 0x0000000000000000, Not Active, Not Active, Not Active
2026/09/11 06:21:22.731, 0, 45, 2730 MHz, 94.95 W, 100 %, 0x0000000000000000, Not Active, Not Active, Not Active
2026/09/11 06:21:22.732, 1, 45, 2730 MHz, 90.64 W, 68 %, 0x0000000000000000, Not Active, Not Active, Not Active
2026/09/11 06:21:22.732, 2, 49, 2805 MHz, 91.96 W, 45 %, 0x0000000000000000, Not Active, Not Active, Not Active
2026/09/11 06:21:22.732, 3, 51, 2730 MHz, 91.93 W, 73 %, 0x0000000000000000, Not Active, Not Active, Not Active
2026/09/11 06:21:24.732, 0, 50, 2730 MHz, 93.00 W, 93 %, 0x0000000000000000, Not Active, Not Active, Not Active
2026/09/11 06:21:24.733, 1, 52, 2730 MHz, 92.81 W, 100 %, 0x0000000000000000, Not Active, Not Active, Not Active
2026/09/11 06:21:24.733, 2, 49, 2805 MHz, 94.60 W, 100 %, 0x0000000000000000, Not Active, Not Active, Not Active
2026/09/11 06:21:24.733, 3, 48, 2730 MHz, 91.10 W, 0 %, 0x0000000000000000, Not Active, Not Active, Not Active
2026/09/11 06:21:26.734, 0, 47, 2730 MHz, 88.37 W, 50 %, 0x0000000000000000, Not Active, Not Active, Not Active
2026/09/11 06:21:26.734, 1, 50, 2730 MHz, 92.21 W, 38 %, 0x0000000000000000, Not Active, Not Active, Not Active
2026/09/11 06:21:26.734, 2, 44, 2805 MHz, 94.17 W, 48 %, 0x0000000000000000, Not Active, Not Active, Not Active
2026/09/11 06:21:26.734, 3, 49, 2730 MHz, 87.47 W, 73 %, 0x0000000000000000, Not Active, Not Active, Not Active
2026/09/11 06:21:28.734, 0, 51, 2730 MHz, 92.98 W, 100 %, 0x0000000000000000, Not Active, Not Active, Not Active
2026/09/11 06:21:28.734, 1, 46, 2730 MHz, 90.36 W, 89 %, 0x0000000000000000, Not Active, Not Active, Not Active
2026/09/11 06:21:28.734, 2, 50, 2805 MHz, 93.33 W, 88 %, 0x0000000000000000, Not Active, Not Active, Not Active
2026/09/11 06:21:28.734, 3, 51, 2730 MHz, 91.31 W, 100 %, 0x0000000000000000, Not Active, Not Active, Not Active
2026/09/11 06:21:30.735, 0, 50, 2730 MHz, 92.08 W, 50 %, 0x0000000000000000, Not Active, Not Active, Not Active
2026/09/11 06:21:30.735, 1, 51, 2730 MHz, 89.51 W, 54 %, 0x0000000000000000, Not Active, Not Active, Not Active
2026/09/11 06:21:30.735, 2, 48, 2805 MHz, 95.63 W, 100 %, 0x0000000000000000, Not Active, Not Active, Not Active
2026/09/11 06:21:30.735, 3, 46, 2730 MHz, 92.15 W, 100 %, 0x0000000000000000, Not Active, Not Active, Not Active
2026/09/11 06:21:32.737, 0, 46, 2730 MHz, 91.76 W, 70 %, 0x0000000000000000, Not Active, Not Active, Not Active
2026/09/11 06:21:32.737, 1, 51, 2730 MHz, 91.11 W, 36 %, 0x0000000000000000, Not Active, Not Active, Not Active
2026/09/11 06:21:32.737, 2, 46, 2805 MHz, 93.19 W, 45 %, 0x0000000000000000, Not Active, Not Active, Not Active
2026/09/11 06:21:32.737, 3, 53, 2730 MHz, 92.65 W, 100 %, 0x0000000000000000, Not Active, Not Active, Not Active
2026/09/11 06:21:34.738, 0, 47, 2730 MHz, 95.06 W, 100 %, 0x0000000000000000, Not Active, Not Active, Not Active
2026/09/11 06:21:34.738, 1, 50, 2730 MHz, 90.95 W, 62 %, 0x0000000000000000, Not Active, Not Active, Not Active
2026/09/11 06:21:34.738, 2, 51, 2805 MHz, 92.83 W, 62 %, 0x0000000000000000, Not Active, Not Active, Not Active
2026/09/11 06:21:34.738, 3, 52, 2730 MHz, 92.81 W, 57 %, 0x0000000000000000, Not Active, Not Active, Not Active
2026/09/11 06:21:36.738, 0, 51, 2730 MHz, 92.43 W, 51 %, 0x0000000000000000, Not Active, Not Active, Not Active
2026/09/11 06:21:36.738, 1, 51, 2730 MHz, 85.90 W, 50 %, 0x0000000000000000, Not Active, Not Active, Not Active
2026/09/11 06:21:36.738, 2, 50, 2805 MHz, 95.52 W, 100 %, 0x0000000000000000, Not Active, Not Active, Not Active
2026/09/11 06:21:36.738, 3, 45, 2730 MHz, 88.63 W, 100 %, 0x0000000000000000, Not Active, Not Active, Not Active
2026/09/11 06:21:38.738, 0, 47, 2730 MHz, 90.79 W, 100 %, 0x0000000000000000, Not Active, Not Active, Not Active
2026/09/11 06:21:38.739, 1, 47, 2730 MHz, 94.34 W, 53 %, 0x0000000000000000, Not Active, Not Active, Not Active
2026/09/11 06:21:38.739, 2, 51, 2805 MHz, 91.26 W, 49 %, 0x0000000000000000, Not Active, Not Active, Not Active
2026/09/11 06:21:38.739, 3, 53, 2730 MHz, 88.48 W, 49 %, 0x0000000000000000, Not Active, Not Active, Not Active
2026/09/11 06:21:40.740, 0, 52, 2730 MHz, 97.17 W, 100 %, 0x0000000000000000, Not Active, Not Active, Not Active
2026/09/11 06:21:40.740, 1, 51, 2730 MHz, 97.93 W, 100 %, 0x0000000000000000, Not Active, Not Active, Not Active
2026/09/11 06:21:40.740, 2, 51, 2805 MHz, 98.54 W, 100 %, 0x0000000000000000, Not Active, Not Active, Not Active
2026/09/11 06:21:40.740, 3, 52, 2730 MHz, 95.65 W, 100 %, 0x0000000000000000, Not Active, Not Active, Not Active
2026/09/11 06:21:42.740, 0, 45, 2730 MHz, 88.88 W, 32 %, 0x0000000000000000, Not Active, Not Active, Not Active
2026/09/11 06:21:42.740, 1, 52, 2730 MHz, 93.00 W, 72 %, 0x0000000000000000, Not Active, Not Active, Not Active
2026/09/11 06:21:42.740, 2, 45, 2805 MHz, 89.59 W, 13 %, 0x0000000000000000, Not Active, Not Active, Not Active
2026/09/11 06:21:42.741, 3, 49, 2730 MHz, 87.86 W, 29 %, 0x0000000000000000, Not Active, Not Active, Not Active
2026/09/11 06:21:44.744, 0, 47, 2730 MHz, 93.37 W, 100 %, 0x0000000000000000, Not Active, Not Active, Not Active
2026/09/11 06:21:44.744, 1, 47, 2730 MHz, 90.36 W, 90 %, 0x0000000000000000, Not Active, Not Active, Not Active
2026/09/11 06:21:44.745, 2, 52, 2805 MHz, 91.55 W, 52 %, 0x0000000000000000, Not Active, Not Active, Not Active
2026/09/11 06:21:44.745, 3, 53, 2730 MHz, 91.53 W, 59 %, 0x0000000000000000, Not Active, Not Active, Not Active
2026/09/11 06:21:46.745, 0, 51, 2730 MHz, 90.08 W, 24 %, 0x0000000000000000, Not Active, Not Active, Not Active
2026/09/11 06:21:46.747, 1, 52, 2730 MHz, 92.21 W, 59 %, 0x0000000000000000, Not Active, Not Active, Not Active
2026/09/11 06:21:46.748, 2, 47, 2790 MHz, 94.27 W, 81 %, 0x0000000000000000, Not Active, Not Active, Not Active
2026/09/11 06:21:46.749, 3, 47, 2730 MHz, 87.59 W, 53 %, 0x0000000000000000, Not Active, Not Active, Not Active
2026/09/11 06:21:48.749, 0, 52, 2730 MHz, 97.51 W, 100 %, 0x0000000000000000, Not Active, Not Active, Not Active
2026/09/11 06:21:48.749, 1, 47, 2730 MHz, 93.30 W, 77 %, 0x0000000000000000, Not Active, Not Active, Not Active
2026/09/11 06:21:48.749, 2, 52, 2790 MHz, 97.84 W, 84 %, 0x0000000000000000, Not Active, Not Active, Not Active
2026/09/11 06:21:48.749, 3, 53, 2730 MHz, 95.93 W, 88 %, 0x0000000000000000, Not Active, Not Active, Not Active
2026/09/11 06:21:50.750, 0, 52, 2730 MHz, 94.84 W, 91 %, 0x0000000000000000, Not Active, Not Active, Not Active
2026/09/11 06:21:50.750, 1, 51, 2730 MHz, 95.90 W, 100 %, 0x0000000000000000, Not Active, Not Active, Not Active
2026/09/11 06:21:50.750, 2, 51, 2805 MHz, 97.43 W, 100 %, 0x0000000000000000, Not Active, Not Active, Not Active
2026/09/11 06:21:50.750, 3, 53, 2730 MHz, 92.61 W, 100 %, 0x0000000000000000, Not Active, Not Active, Not Active
2026/09/11 06:21:52.750, 0, 49, 2745 MHz, 85.96 W, 17 %, 0x0000000000000000, Not Active, Not Active, Not Active
2026/09/11 06:21:52.750, 1, 54, 2730 MHz, 94.62 W, 97 %, 0x0000000000000000, Not Active, Not Active, Not Active
2026/09/11 06:21:52.750, 2, 45, 2805 MHz, 89.76 W, 36 %, 0x0000000000000000, Not Active, Not Active, Not Active
2026/09/11 06:21:52.750, 3, 47, 2730 MHz, 87.08 W, 97 %, 0x0000000000000000, Not Active, Not Active, Not Active
2026/09/11 06:21:54.751, 0, 51, 2730 MHz, 88.31 W, 100 %, 0x0000000000000000, Not Active, Not Active, Not Active
2026/09/11 06:21:54.751, 1, 53, 2730 MHz, 87.54 W, 100 %, 0x0000000000000000, Not Active, Not Active, Not Active
2026/09/11 06:21:54.751, 2, 52, 2805 MHz, 91.53 W, 78 %, 0x0000000000000000, Not Active, Not Active, Not Active
2026/09/11 06:21:54.752, 3, 54, 2730 MHz, 87.11 W, 100 %, 0x0000000000000000, Not Active, Not Active, Not Active
2026/09/11 06:21:56.752, 0, 53, 2745 MHz, 93.04 W, 55 %, 0x0000000000000000, Not Active, Not Active, Not Active
2026/09/11 06:21:56.752, 1, 54, 2730 MHz, 96.94 W, 81 %, 0x0000000000000000, Not Active, Not Active, Not Active
2026/09/11 06:21:56.752, 2, 50, 2805 MHz, 99.25 W, 100 %, 0x0000000000000000, Not Active, Not Active, Not Active
2026/09/11 06:21:56.752, 3, 48, 2730 MHz, 93.11 W, 68 %, 0x0000000000000000, Not Active, Not Active, Not Active
2026/09/11 06:21:58.752, 0, 52, 2745 MHz, 83.33 W, 59 %, 0x0000000000000000, Not Active, Not Active, Not Active
2026/09/11 06:21:58.752, 1, 54, 2730 MHz, 84.59 W, 94 %, 0x0000000000000000, Not Active, Not Active, Not Active
2026/09/11 06:21:58.752, 2, 50, 2805 MHz, 86.49 W, 100 %, 0x0000000000000000, Not Active, Not Active, Not Active
2026/09/11 06:21:58.752, 3, 47, 2730 MHz, 81.54 W, 46 %, 0x0000000000000000, Not Active, Not Active, Not Active
2026/09/11 06:22:00.755, 0, 53, 2730 MHz, 94.96 W, 81 %, 0x0000000000000000, Not Active, Not Active, Not Active
2026/09/11 06:22:00.755, 1, 54, 2730 MHz, 93.67 W, 86 %, 0x0000000000000000, Not Active, Not Active, Not Active
2026/09/11 06:22:00.755, 2, 52, 2790 MHz, 97.37 W, 100 %, 0x0000000000000000, Not Active, Not Active, Not Active
2026/09/11 06:22:00.755, 3, 52, 2730 MHz, 90.90 W, 88 %, 0x0000000000000000, Not Active, Not Active, Not Active
2026/09/11 06:22:02.755, 0, 46, 2745 MHz, 91.71 W, 23 %, 0x0000000000000000, Not Active, Not Active, Not Active
2026/09/11 06:22:02.755, 1, 53, 2730 MHz, 92.74 W, 46 %, 0x0000000000000000, Not Active, Not Active, Not Active
2026/09/11 06:22:02.755, 2, 46, 2805 MHz, 92.31 W, 19 %, 0x0000000000000000, Not Active, Not Active, Not Active
2026/09/11 06:22:02.755, 3, 49, 2730 MHz, 88.47 W, 45 %, 0x0000000000000000, Not Active, Not Active, Not Active
2026/09/11 06:22:04.756, 0, 48, 2730 MHz, 92.06 W, 100 %, 0x0000000000000000, Not Active, Not Active, Not Active
2026/09/11 06:22:04.756, 1, 48, 2730 MHz, 90.69 W, 44 %, 0x0000000000000000, Not Active, Not Active, Not Active
2026/09/11 06:22:04.756, 2, 52, 2790 MHz, 91.71 W, 42 %, 0x0000000000000000, Not Active, Not Active, Not Active
2026/09/11 06:22:04.756, 3, 55, 2730 MHz, 89.58 W, 63 %, 0x0000000000000000, Not Active, Not Active, Not Active
2026/09/11 06:22:06.760, 0, 46, 2745 MHz, 82.79 W, 100 %, 0x0000000000000000, Not Active, Not Active, Not Active
2026/09/11 06:22:06.783, 1, 46, 2730 MHz, 71.01 W, 0 %, 0x0000000000000000, Not Active, Not Active, Not Active
2026/09/11 06:22:06.784, 2, 46, 2805 MHz, 85.25 W, 100 %, 0x0000000000000000, Not Active, Not Active, Not Active
2026/09/11 06:22:06.785, 3, 47, 2730 MHz, 84.84 W, 100 %, 0x0000000000000000, Not Active, Not Active, Not Active
2026/09/11 06:22:08.790, 0, 44, 2595 MHz, 31.19 W, 0 %, 0x0000000000000000, Not Active, Not Active, Not Active
2026/09/11 06:22:08.807, 1, 45, 2595 MHz, 32.64 W, 0 %, 0x0000000000000000, Not Active, Not Active, Not Active
2026/09/11 06:22:08.808, 2, 43, 2595 MHz, 34.70 W, 0 %, 0x0000000000000000, Not Active, Not Active, Not Active
2026/09/11 06:22:08.808, 3, 45, 2595 MHz, 29.51 W, 0 %, 0x0000000000000000, Not Active, Not Active, Not Active
2026/09/11 06:22:10.813, 0, 44, 2745 MHz, 43.44 W, 0 %, 0x0000000000000000, Not Active, Not Active, Not Active
2026/09/11 06:22:10.855, 1, 45, 2730 MHz, 35.02 W, 0 %, 0x0000000000000000, Not Active, Not Active, Not Active
2026/09/11 06:22:10.856, 2, 43, 2805 MHz, 35.19 W, 0 %, 0x0000000000000000, Not Active, Not Active, Not Active
2026/09/11 06:22:10.856, 3, 45, 2730 MHz, 31.59 W, 0 %, 0x0000000000000000, Not Active, Not Active, Not Active
2026/09/11 06:22:12.857, 0, 44, 2745 MHz, 43.10 W, 100 %, 0x0000000000000000, Not Active, Not Active, Not Active
2026/09/11 06:22:12.859, 1, 45, 2730 MHz, 45.02 W, 0 %, 0x0000000000000000, Not Active, Not Active, Not Active
2026/09/11 06:22:12.859, 2, 43, 2805 MHz, 45.19 W, 100 %, 0x0000000000000000, Not Active, Not Active, Not Active
2026/09/11 06:22:12.859, 3, 45, 2730 MHz, 42.86 W, 0 %, 0x0000000000000000, Not Active, Not Active, Not Active
2026/09/11 06:22:14.864, 0, 44, 2745 MHz, 39.51 W, 0 %, 0x0000000000000000, Not Active, Not Active, Not Active
2026/09/11 06:22:14.868, 1, 45, 2730 MHz, 48.46 W, 0 %, 0x0000000000000000, Not Active, Not Active, Not Active
2026/09/11 06:22:14.868, 2, 43, 2805 MHz, 37.63 W, 0 %, 0x0000000000000000, Not Active, Not Active, Not Active
2026/09/11 06:22:14.868, 3, 45, 2730 MHz, 37.43 W, 0 %, 0x0000000000000000, Not Active, Not Active, Not Active
2026/09/11 06:22:16.869, 0, 48, 2595 MHz, 28.25 W, 0 %, 0x0000000000000000, Not Active, Not Active, Not Active
2026/09/11 06:22:16.880, 1, 44, 2595 MHz, 31.30 W, 0 %, 0x0000000000000000, Not Active, Not Active, Not Active
2026/09/11 06:22:16.882, 2, 44, 2805 MHz, 42.08 W, 0 %, 0x0000000000000000, Not Active, Not Active, Not Active
2026/09/11 06:22:16.883, 3, 51, 2595 MHz, 39.07 W, 100 %, 0x0000000000000000, Not Active, Not Active, Not Active
2026/09/11 06:22:18.914, 0, 43, 2745 MHz, 31.33 W, 0 %, 0x0000000000000000, Not Active, Not Active, Not Active
2026/09/11 06:22:18.931, 1, 44, 2730 MHz, 33.74 W, 0 %, 0x0000000000000000, Not Active, Not Active, Not Active
2026/09/11 06:22:18.931, 2, 43, 2805 MHz, 35.66 W, 0 %, 0x0000000000000000, Not Active, Not Active, Not Active
2026/09/11 06:22:18.931, 3, 44, 2730 MHz, 31.98 W, 0 %, 0x0000000000000000, Not Active, Not Active, Not Active
2026/09/11 06:22:20.932, 0, 43, 2595 MHz, 28.30 W, 100 %, 0x0000000000000000, Not Active, Not Active, Not Active
2026/09/11 06:22:20.943, 1, 44, 2595 MHz, 30.25 W, 0 %, 0x0000000000000000, Not Active, Not Active, Not Active
2026/09/11 06:22:20.943, 2, 42, 2595 MHz, 30.18 W, 0 %, 0x0000000000000000, Not Active, Not Active, Not Active
2026/09/11 06:22:20.944, 3, 44, 2595 MHz, 27.98 W, 1 %, 0x0000000000000000, Not Active, Not Active, Not Active
2026/09/11 06:22:22.948, 0, 43, 2745 MHz, 31.46 W, 0 %, 0x0000000000000000, Not Active, Not Active, Not Active
2026/09/11 06:22:22.960, 1, 44, 2730 MHz, 33.74 W, 0 %, 0x0000000000000000, Not Active, Not Active, Not Active
2026/09/11 06:22:22.960, 2, 42, 2805 MHz, 35.11 W, 0 %, 0x0000000000000000, Not Active, Not Active, Not Active
2026/09/11 06:22:22.960, 3, 44, 2730 MHz, 31.07 W, 0 %, 0x0000000000000000, Not Active, Not Active, Not Active
2026/09/11 06:22:24.963, 0, 43, 2745 MHz, 31.31 W, 0 %, 0x0000000000000000, Not Active, Not Active, Not Active
2026/09/11 06:22:24.984, 1, 44, 2730 MHz, 34.35 W, 0 %, 0x0000000000000000, Not Active, Not Active, Not Active
2026/09/11 06:22:24.985, 2, 42, 2805 MHz, 35.71 W, 0 %, 0x0000000000000000, Not Active, Not Active, Not Active
2026/09/11 06:22:24.985, 3, 44, 2730 MHz, 31.49 W, 0 %, 0x0000000000000000, Not Active, Not Active, Not Active
2026/09/11 06:22:26.988, 0, 42, 2595 MHz, 27.98 W, 0 %, 0x0000000000000000, Not Active, Not Active, Not Active
2026/09/11 06:22:26.996, 1, 43, 2595 MHz, 30.68 W, 0 %, 0x0000000000000000, Not Active, Not Active, Not Active
2026/09/11 06:22:26.996, 2, 41, 2595 MHz, 30.08 W, 0 %, 0x0000000000000000, Not Active, Not Active, Not Active
2026/09/11 06:22:26.996, 3, 44, 2595 MHz, 29.94 W, 0 %, 0x0000000000000000, Not Active, Not Active, Not Active
2026/09/11 06:22:29.002, 0, 43, 2745 MHz, 42.23 W, 62 %, 0x0000000000000000, Not Active, Not Active, Not Active
2026/09/11 06:22:29.033, 1, 44, 2730 MHz, 43.77 W, 0 %, 0x0000000000000000, Not Active, Not Active, Not Active
2026/09/11 06:22:29.044, 2, 42, 2805 MHz, 46.05 W, 100 %, 0x0000000000000000, Not Active, Not Active, Not Active
2026/09/11 06:22:29.045, 3, 44, 2730 MHz, 42.11 W, 0 %, 0x0000000000000000, Not Active, Not Active, Not Active
2026/09/11 06:22:31.061, 0, 42, 2595 MHz, 29.62 W, 0 %, 0x0000000000000000, Not Active, Not Active, Not Active
2026/09/11 06:22:31.070, 1, 43, 2595 MHz, 32.71 W, 0 %, 0x0000000000000000, Not Active, Not Active, Not Active
2026/09/11 06:22:31.070, 2, 41, 2595 MHz, 33.29 W, 0 %, 0x0000000000000000, Not Active, Not Active, Not Active
2026/09/11 06:22:31.071, 3, 43, 2595 MHz, 29.90 W, 0 %, 0x0000000000000000, Not Active, Not Active, Not Active
2026/09/11 06:22:33.072, 0, 50, 2745 MHz, 40.04 W, 0 %, 0x0000000000000000, Not Active, Not Active, Not Active
2026/09/11 06:22:33.087, 1, 43, 2595 MHz, 30.34 W, 0 %, 0x0000000000000000, Not Active, Not Active, Not Active
2026/09/11 06:22:33.090, 2, 43, 2805 MHz, 42.64 W, 0 %, 0x0000000000000000, Not Active, Not Active, Not Active
2026/09/11 06:22:33.090, 3, 45, 2730 MHz, 36.75 W, 100 %, 0x0000000000000000, Not Active, Not Active, Not Active
2026/09/11 06:22:35.095, 0, 43, 2745 MHz, 31.23 W, 0 %, 0x0000000000000000, Not Active, Not Active, Not Active
2026/09/11 06:22:35.101, 1, 44, 2730 MHz, 33.68 W, 0 %, 0x0000000000000000, Not Active, Not Active, Not Active
2026/09/11 06:22:35.106, 2, 42, 2805 MHz, 35.68 W, 0 %, 0x0000000000000000, Not Active, Not Active, Not Active
2026/09/11 06:22:35.107, 3, 44, 2730 MHz, 32.37 W, 0 %, 0x0000000000000000, Not Active, Not Active, Not Active
2026/09/11 06:22:37.108, 0, 42, 2595 MHz, 27.61 W, 0 %, 0x0000000000000000, Not Active, Not Active, Not Active
2026/09/11 06:22:37.111, 1, 43, 2595 MHz, 30.26 W, 0 %, 0x0000000000000000, Not Active, Not Active, Not Active
2026/09/11 06:22:37.112, 2, 41, 2595 MHz, 30.03 W, 0 %, 0x0000000000000000, Not Active, Not Active, Not Active
2026/09/11 06:22:37.112, 3, 43, 2595 MHz, 28.00 W, 0 %, 0x0000000000000000, Not Active, Not Active, Not Active
2026/09/11 06:22:39.116, 0, 42, 2745 MHz, 31.40 W, 0 %, 0x0000000000000000, Not Active, Not Active, Not Active
2026/09/11 06:22:39.132, 1, 43, 2730 MHz, 34.26 W, 0 %, 0x0000000000000000, Not Active, Not Active, Not Active
2026/09/11 06:22:39.140, 2, 41, 2805 MHz, 35.79 W, 0 %, 0x0000000000000000, Not Active, Not Active, Not Active
2026/09/11 06:22:39.150, 3, 44, 2730 MHz, 31.96 W, 0 %, 0x0000000000000000, Not Active, Not Active, Not Active
2026/09/11 06:22:41.159, 0, 42, 2595 MHz, 28.76 W, 0 %, 0x0000000000000000, Not Active, Not Active, Not Active
2026/09/11 06:22:41.166, 1, 43, 2595 MHz, 31.50 W, 0 %, 0x0000000000000000, Not Active, Not Active, Not Active
2026/09/11 06:22:41.170, 2, 41, 2595 MHz, 32.20 W, 0 %, 0x0000000000000000, Not Active, Not Active, Not Active
2026/09/11 06:22:41.171, 3, 43, 2595 MHz, 29.19 W, 0 %, 0x0000000000000000, Not Active, Not Active, Not Active
2026/09/11 06:22:43.198, 0, 42, 2595 MHz, 27.84 W, 0 %, 0x0000000000000000, Not Active, Not Active, Not Active
2026/09/11 06:22:43.229, 1, 43, 2595 MHz, 30.25 W, 0 %, 0x0000000000000000, Not Active, Not Active, Not Active
2026/09/11 06:22:43.230, 2, 40, 2595 MHz, 30.02 W, 0 %, 0x0000000000000000, Not Active, Not Active, Not Active
2026/09/11 06:22:43.234, 3, 43, 2595 MHz, 27.97 W, 0 %, 0x0000000000000000, Not Active, Not Active, Not Active
2026/09/11 06:22:45.248, 0, 43, 2745 MHz, 45.20 W, 100 %, 0x0000000000000000, Not Active, Not Active, Not Active
2026/09/11 06:22:45.257, 1, 43, 2730 MHz, 44.69 W, 33 %, 0x0000000000000000, Not Active, Not Active, Not Active
2026/09/11 06:22:45.257, 2, 42, 2805 MHz, 47.88 W, 100 %, 0x0000000000000000, Not Active, Not Active, Not Active
2026/09/11 06:22:45.258, 3, 44, 2730 MHz, 45.03 W, 100 %, 0x0000000000000000, Not Active, Not Active, Not Active
2026/09/11 06:22:47.259, 0, 42, 2595 MHz, 30.73 W, 0 %, 0x0000000000000000, Not Active, Not Active, Not Active
2026/09/11 06:22:47.280, 1, 43, 2595 MHz, 31.91 W, 0 %, 0x0000000000000000, Not Active, Not Active, Not Active
2026/09/11 06:22:47.281, 2, 40, 2595 MHz, 34.07 W, 0 %, 0x0000000000000000, Not Active, Not Active, Not Active
2026/09/11 06:22:47.281, 3, 43, 2595 MHz, 30.62 W, 0 %, 0x0000000000000000, Not Active, Not Active, Not Active
2026/09/11 06:22:49.282, 0, 42, 2595 MHz, 27.47 W, 0 %, 0x0000000000000000, Not Active, Not Active, Not Active
2026/09/11 06:22:49.289, 1, 42, 2595 MHz, 30.31 W, 24 %, 0x0000000000000000, Not Active, Not Active, Not Active
2026/09/11 06:22:49.289, 2, 40, 2595 MHz, 30.00 W, 0 %, 0x0000000000000000, Not Active, Not Active, Not Active
2026/09/11 06:22:49.289, 3, 43, 2595 MHz, 27.90 W, 0 %, 0x0000000000000000, Not Active, Not Active, Not Active
2026/09/11 06:22:51.291, 0, 42, 2745 MHz, 33.13 W, 0 %, 0x0000000000000000, Not Active, Not Active, Not Active
2026/09/11 06:22:51.322, 1, 43, 2730 MHz, 34.08 W, 0 %, 0x0000000000000000, Not Active, Not Active, Not Active
2026/09/11 06:22:51.322, 2, 41, 2805 MHz, 45.61 W, 0 %, 0x0000000000000000, Not Active, Not Active, Not Active
2026/09/11 06:22:51.323, 3, 43, 2730 MHz, 31.76 W, 0 %, 0x0000000000000000, Not Active, Not Active, Not Active
2026/09/11 06:22:53.347, 0, 41, 2595 MHz, 29.67 W, 0 %, 0x0000000000000000, Not Active, Not Active, Not Active
2026/09/11 06:22:53.356, 1, 42, 2595 MHz, 31.59 W, 0 %, 0x0000000000000000, Not Active, Not Active, Not Active
2026/09/11 06:22:53.362, 2, 40, 2595 MHz, 33.09 W, 0 %, 0x0000000000000000, Not Active, Not Active, Not Active
2026/09/11 06:22:53.363, 3, 42, 2595 MHz, 28.93 W, 0 %, 0x0000000000000000, Not Active, Not Active, Not Active
2026/09/11 06:22:55.377, 0, 41, 2595 MHz, 27.68 W, 0 %, 0x0000000000000000, Not Active, Not Active, Not Active
2026/09/11 06:22:55.431, 1, 42, 2595 MHz, 30.22 W, 0 %, 0x0000000000000000, Not Active, Not Active, Not Active
2026/09/11 06:22:55.441, 2, 40, 2595 MHz, 30.01 W, 0 %, 0x0000000000000000, Not Active, Not Active, Not Active
2026/09/11 06:22:55.441, 3, 42, 2595 MHz, 27.71 W, 0 %, 0x0000000000000000, Not Active, Not Active, Not Active
2026/09/11 06:22:57.461, 0, 41, 2595 MHz, 27.95 W, 0 %, 0x0000000000000000, Not Active, Not Active, Not Active
2026/09/11 06:22:57.489, 1, 42, 2595 MHz, 30.21 W, 0 %, 0x0000000000000000, Not Active, Not Active, Not Active
2026/09/11 06:22:57.490, 2, 40, 2595 MHz, 29.96 W, 0 %, 0x0000000000000000, Not Active, Not Active, Not Active
2026/09/11 06:22:57.499, 3, 42, 2595 MHz, 27.85 W, 0 %, 0x0000000000000000, Not Active, Not Active, Not Active
2026/09/11 06:22:59.503, 0, 41, 2595 MHz, 27.59 W, 0 %, 0x0000000000000000, Not Active, Not Active, Not Active
2026/09/11 06:22:59.547, 1, 42, 2595 MHz, 30.23 W, 0 %, 0x0000000000000000, Not Active, Not Active, Not Active
2026/09/11 06:22:59.555, 2, 40, 2595 MHz, 29.99 W, 0 %, 0x0000000000000000, Not Active, Not Active, Not Active
2026/09/11 06:22:59.555, 3, 42, 2595 MHz, 27.71 W, 0 %, 0x0000000000000000, Not Active, Not Active, Not Active
2026/09/11 06:23:01.571, 0, 41, 2595 MHz, 27.95 W, 0 %, 0x0000000000000000, Not Active, Not Active, Not Active
2026/09/11 06:23:01.612, 1, 42, 2595 MHz, 30.24 W, 0 %, 0x0000000000000000, Not Active, Not Active, Not Active
2026/09/11 06:23:01.662, 2, 40, 2595 MHz, 29.98 W, 0 %, 0x0000000000000000, Not Active, Not Active, Not Active
2026/09/11 06:23:01.664, 3, 42, 2595 MHz, 27.76 W, 0 %, 0x0000000000000000, Not Active, Not Active, Not Active
2026/09/11 06:23:03.670, 0, 42, 2745 MHz, 35.98 W, 0 %, 0x0000000000000000, Not Active, Not Active, Not Active
2026/09/11 06:23:03.682, 1, 42, 2730 MHz, 34.44 W, 0 %, 0x0000000000000000, Not Active, Not Active, Not Active
2026/09/11 06:23:03.687, 2, 40, 2805 MHz, 42.00 W, 0 %, 0x0000000000000000, Not Active, Not Active, Not Active
2026/09/11 06:23:03.689, 3, 43, 2730 MHz, 43.04 W, 100 %, 0x0000000000000000, Not Active, Not Active, Not Active
2026/09/11 06:23:05.696, 0, 41, 2595 MHz, 30.12 W, 0 %, 0x0000000000000000, Not Active, Not Active, Not Active
2026/09/11 06:23:05.706, 1, 42, 2595 MHz, 32.78 W, 0 %, 0x0000000000000000, Not Active, Not Active, Not Active
2026/09/11 06:23:05.706, 2, 40, 2595 MHz, 34.27 W, 0 %, 0x0000000000000000, Not Active, Not Active, Not Active
2026/09/11 06:23:05.706, 3, 42, 2595 MHz, 29.14 W, 0 %, 0x0000000000000000, Not Active, Not Active, Not Active
2026/09/11 06:23:07.714, 0, 41, 2595 MHz, 27.66 W, 0 %, 0x0000000000000000, Not Active, Not Active, Not Active
2026/09/11 06:23:07.766, 1, 42, 2595 MHz, 30.17 W, 0 %, 0x0000000000000000, Not Active, Not Active, Not Active
2026/09/11 06:23:07.768, 2, 39, 2595 MHz, 29.96 W, 0 %, 0x0000000000000000, Not Active, Not Active, Not Active
2026/09/11 06:23:07.776, 3, 42, 2595 MHz, 27.67 W, 0 %, 0x0000000000000000, Not Active, Not Active, Not Active
2026/09/11 06:23:09.777, 0, 41, 2595 MHz, 27.66 W, 0 %, 0x0000000000000000, Not Active, Not Active, Not Active
2026/09/11 06:23:09.777, 1, 42, 2595 MHz, 30.21 W, 0 %, 0x0000000000000000, Not Active, Not Active, Not Active
2026/09/11 06:23:09.777, 2, 39, 2595 MHz, 29.95 W, 0 %, 0x0000000000000000, Not Active, Not Active, Not Active
2026/09/11 06:23:09.777, 3, 42, 2595 MHz, 27.78 W, 0 %, 0x0000000000000000, Not Active, Not Active, Not Active
2026/09/11 06:23:11.778, 0, 49, 2730 MHz, 74.28 W, 100 %, 0x0000000000000000, Not Active, Not Active, Not Active
2026/09/11 06:23:11.778, 1, 43, 2730 MHz, 61.74 W, 1 %, 0x0000000000000000, Not Active, Not Active, Not Active
2026/09/11 06:23:11.778, 2, 49, 2805 MHz, 71.36 W, 91 %, 0x0000000000000000, Not Active, Not Active, Not Active
2026/09/11 06:23:11.778, 3, 51, 2730 MHz, 72.18 W, 100 %, 0x0000000000000000, Not Active, Not Active, Not Active
2026/09/11 06:23:13.779, 0, 50, 2730 MHz, 74.83 W, 100 %, 0x0000000000000000, Not Active, Not Active, Not Active
2026/09/11 06:23:13.779, 1, 49, 2730 MHz, 70.35 W, 100 %, 0x0000000000000000, Not Active, Not Active, Not Active
2026/09/11 06:23:13.779, 2, 44, 2805 MHz, 76.31 W, 100 %, 0x0000000000000000, Not Active, Not Active, Not Active
2026/09/11 06:23:13.779, 3, 49, 2730 MHz, 70.86 W, 100 %, 0x0000000000000000, Not Active, Not Active, Not Active
2026/09/11 06:23:15.781, 0, 44, 2745 MHz, 91.35 W, 48 %, 0x0000000000000000, Not Active, Not Active, Not Active
2026/09/11 06:23:15.781, 1, 49, 2730 MHz, 94.26 W, 91 %, 0x0000000000000000, Not Active, Not Active, Not Active
2026/09/11 06:23:15.781, 2, 47, 2805 MHz, 90.89 W, 13 %, 0x0000000000000000, Not Active, Not Active, Not Active
2026/09/11 06:23:15.782, 3, 45, 2730 MHz, 87.57 W, 36 %, 0x0000000000000000, Not Active, Not Active, Not Active
2026/09/11 06:23:17.784, 0, 51, 2730 MHz, 88.88 W, 100 %, 0x0000000000000000, Not Active, Not Active, Not Active
2026/09/11 06:23:17.784, 1, 46, 2730 MHz, 90.66 W, 25 %, 0x0000000000000000, Not Active, Not Active, Not Active
2026/09/11 06:23:17.784, 2, 44, 2805 MHz, 92.07 W, 89 %, 0x0000000000000000, Not Active, Not Active, Not Active
2026/09/11 06:23:17.785, 3, 49, 2730 MHz, 90.37 W, 88 %, 0x0000000000000000, Not Active, Not Active, Not Active
2026/09/11 06:23:19.785, 0, 51, 2730 MHz, 95.33 W, 92 %, 0x0000000000000000, Not Active, Not Active, Not Active
2026/09/11 06:23:19.785, 1, 51, 2730 MHz, 90.60 W, 48 %, 0x0000000000000000, Not Active, Not Active, Not Active
2026/09/11 06:23:19.785, 2, 48, 2805 MHz, 97.79 W, 100 %, 0x0000000000000000, Not Active, Not Active, Not Active
2026/09/11 06:23:19.785, 3, 53, 2730 MHz, 94.89 W, 100 %, 0x0000000000000000, Not Active, Not Active, Not Active
2026/09/11 06:23:21.785, 0, 50, 2730 MHz, 94.36 W, 100 %, 0x0000000000000000, Not Active, Not Active, Not Active
2026/09/11 06:23:21.785, 1, 52, 2730 MHz, 95.98 W, 99 %, 0x0000000000000000, Not Active, Not Active, Not Active
2026/09/11 06:23:21.785, 2, 50, 2805 MHz, 96.29 W, 73 %, 0x0000000000000000, Not Active, Not Active, Not Active
2026/09/11 06:23:21.785, 3, 52, 2730 MHz, 90.02 W, 59 %, 0x0000000000000000, Not Active, Not Active, Not Active
2026/09/11 06:23:23.786, 0, 45, 2745 MHz, 93.21 W, 61 %, 0x0000000000000000, Not Active, Not Active, Not Active
2026/09/11 06:23:23.786, 1, 51, 2730 MHz, 97.38 W, 100 %, 0x0000000000000000, Not Active, Not Active, Not Active
2026/09/11 06:23:23.786, 2, 49, 2805 MHz, 95.30 W, 20 %, 0x0000000000000000, Not Active, Not Active, Not Active
2026/09/11 06:23:23.786, 3, 46, 2730 MHz, 89.71 W, 53 %, 0x0000000000000000, Not Active, Not Active, Not Active
2026/09/11 06:23:25.786, 0, 48, 2730 MHz, 89.17 W, 33 %, 0x0000000000000000, Not Active, Not Active, Not Active
2026/09/11 06:23:25.786, 1, 46, 2730 MHz, 92.35 W, 33 %, 0x0000000000000000, Not Active, Not Active, Not Active
2026/09/11 06:23:25.786, 2, 44, 2805 MHz, 91.11 W, 65 %, 0x0000000000000000, Not Active, Not Active, Not Active
2026/09/11 06:23:25.786, 3, 48, 2730 MHz, 91.60 W, 100 %, 0x0000000000000000, Not Active, Not Active, Not Active
2026/09/11 06:23:27.787, 0, 52, 2730 MHz, 92.44 W, 91 %, 0x0000000000000000, Not Active, Not Active, Not Active
2026/09/11 06:23:27.787, 1, 48, 2730 MHz, 90.94 W, 21 %, 0x0000000000000000, Not Active, Not Active, Not Active
2026/09/11 06:23:27.787, 2, 48, 2805 MHz, 96.23 W, 100 %, 0x0000000000000000, Not Active, Not Active, Not Active
2026/09/11 06:23:27.787, 3, 53, 2730 MHz, 92.50 W, 100 %, 0x0000000000000000, Not Active, Not Active, Not Active
2026/09/11 06:23:29.790, 0, 51, 2730 MHz, 95.97 W, 100 %, 0x0000000000000000, Not Active, Not Active, Not Active
2026/09/11 06:23:29.790, 1, 52, 2730 MHz, 94.45 W, 90 %, 0x0000000000000000, Not Active, Not Active, Not Active
2026/09/11 06:23:29.791, 2, 51, 2805 MHz, 98.12 W, 91 %, 0x0000000000000000, Not Active, Not Active, Not Active
2026/09/11 06:23:29.791, 3, 53, 2730 MHz, 91.53 W, 55 %, 0x0000000000000000, Not Active, Not Active, Not Active
2026/09/11 06:23:31.791, 0, 46, 2730 MHz, 90.76 W, 42 %, 0x0000000000000000, Not Active, Not Active, Not Active
2026/09/11 06:23:31.791, 1, 49, 2730 MHz, 93.83 W, 89 %, 0x0000000000000000, Not Active, Not Active, Not Active
2026/09/11 06:23:31.791, 2, 47, 2805 MHz, 91.19 W, 26 %, 0x0000000000000000, Not Active, Not Active, Not Active
2026/09/11 06:23:31.792, 3, 47, 2730 MHz, 92.04 W, 32 %, 0x0000000000000000, Not Active, Not Active, Not Active
2026/09/11 06:23:33.792, 0, 44, 2745 MHz, 63.54 W, 58 %, 0x0000000000000000, Not Active, Not Active, Not Active
2026/09/11 06:23:33.792, 1, 45, 2730 MHz, 51.02 W, 0 %, 0x0000000000000000, Not Active, Not Active, Not Active
2026/09/11 06:23:33.792, 2, 43, 2805 MHz, 68.33 W, 87 %, 0x0000000000000000, Not Active, Not Active, Not Active
2026/09/11 06:23:33.792, 3, 45, 2730 MHz, 66.90 W, 91 %, 0x0000000000000000, Not Active, Not Active, Not Active
2026/09/11 06:23:35.792, 0, 43, 2595 MHz, 30.98 W, 0 %, 0x0000000000000000, Not Active, Not Active, Not Active
2026/09/11 06:23:35.792, 1, 44, 2595 MHz, 32.17 W, 0 %, 0x0000000000000000, Not Active, Not Active, Not Active
2026/09/11 06:23:35.792, 2, 42, 2595 MHz, 34.57 W, 0 %, 0x0000000000000000, Not Active, Not Active, Not Active
2026/09/11 06:23:35.792, 3, 44, 2730 MHz, 31.28 W, 0 %, 0x0000000000000000, Not Active, Not Active, Not Active
2026/09/11 06:23:37.793, 0, 42, 2595 MHz, 28.12 W, 0 %, 0x0000000000000000, Not Active, Not Active, Not Active
2026/09/11 06:23:37.793, 1, 43, 2595 MHz, 30.49 W, 0 %, 0x0000000000000001, Not Active, Not Active, Not Active
2026/09/11 06:23:37.793, 2, 41, 2595 MHz, 30.20 W, 0 %, 0x0000000000000000, Not Active, Not Active, Not Active
2026/09/11 06:23:37.793, 3, 44, 2595 MHz, 28.47 W, 0 %, 0x0000000000000000, Not Active, Not Active, Not Active
