201	236	0	0	218
202	236	0	0	218
203	232	0	0	215
204	242	0	0	223
205	234	0	0	217
206	228	0	0	210
207	231	0	0	213
208	232	0	0	214
209	318	86	0	214
210	235	0	1	216
211	238	0	0	219
212	239	0	1	220
213	234	0	0	216
214	244	0	0	226
215	232	0	0	214
216	231	0	0	215
217	517	282	1	216
218	241	0	0	223
219	239	0	0	221
220	239	0	0	220
221	215	0	0	206
222	242	0	0	223
223	242	0	0	223
224	222	0	0	203
225	232	0	0	214
226	236	0	0	217
227	245	0	0	223
228	243	0	0	225
229	236	0	0	218
230	357	132	0	215
231	235	0	1	216
232	238	0	0	221
233	238	0	0	220
234	234	0	0	215
235	227	0	0	209
236	238	0	0	220
237	236	0	0	218
238	676	455	0	212
239	231	0	0	214
240	228	0	0	216
241	229	0	0	211
242	233	0	1	213
243	238	0	0	221
244	252	0	0	233
245	216	0	0	204
246	231	0	0	219
247	234	0	0	216
248	235	0	0	216
249	227	3	0	214
250	312	85	0	208
251	244	0	0	226
252	233	0	0	215
253	239	0	0	221
254	284	68	0	207
255	232	0	0	213
256	235	0	0	217
257	228	0	0	218
258	502	276	0	207
259	235	0	0	217
260	237	0	0	219
261	241	0	0	222
262	242	0	0	223
263	237	0	0	219
264	244	0	0	226
265	241	0	0	222
266	236	0	0	219
267	240	0	0	222
268	235	0	0	217
269	232	0	0	214
270	251	28	0	206
271	237	0	0	219
272	291	61	0	212
273	239	0	0	220
274	287	59	0	210
275	434	205	0	210
276	248	0	0	229
277	239	0	0	222
278	233	0	0	214
279	232	0	0	214
280	319	85	0	216
281	240	0	0	222
282	241	0	0	223
283	235	0	0	217
284	234	0	0	216
285	244	0	0	226
286	235	0	0	217
287	227	0	0	209
288	225	0	0	212
289	242	0	0	222
290	246	3	0	227
291	237	0	0	219
292	289	62	0	209
293	234	0	0	215
294	239	0	1	217
295	240	0	0	221
296	304	84	0	204
297	232	0	0	214
298	238	0	0	219
299	277	53	0	207
300	325	87	0	220
301	235	0	0	217
302	236	0	0	218
303	230	0	0	212
304	267	45	0	204
305	233	0	0	215
306	235	0	0	216
307	252	0	0	234
308	329	98	0	213
309	240	0	0	222
310	230	0	0	212
311	234	0	1	215
312	360	125	0	218
313	235	0	0	217
314	233	0	1	213
315	239	0	0	221
316	370	138	0	215
317	257	0	0	238
318	246	0	0	227
319	240	0	0	222
320	242	0	0	224
321	239	0	0	217
322	237	0	0	219
323	237	0	0	217
324	476	252	0	207
325	237	0	0	218
326	239	0	0	220
327	233	0	0	215
328	240	0	0	221
329	239	0	1	220
330	241	0	0	223
331	230	0	0	211
332	242	0	0	224
333	232	0	0	214
334	246	0	1	227
335	241	0	0	222
336	228	0	0	210
337	235	0	0	217
338	223	0	0	212
339	233	0	0	215
340	322	99	0	205
341	232	0	0	214
342	234	0	1	214
343	236	0	0	218
344	240	0	0	222
345	257	0	0	239
346	275	54	0	204
347	238	0	0	221
348	490	266	0	208
349	248	0	0	229
350	230	0	0	212
351	230	0	0	211
352	242	0	0	223
353	244	0	0	225
354	235	0	0	216
355	286	64	0	210
356	577	345	0	214
357	232	0	1	213
358	245	0	0	226
359	252	0	0	234
360	233	0	0	215
361	236	0	0	217
362	217	0	0	208
363	232	0	0	213
364	3598	76	0	3505
365	3897	0	3	3874
366	2689	0	1	2646
367	3223	0	6	3154
368	2633	0	1	2566
369	18272	14990	1	3121
370	6597	3846	2	2675
371	8509	5711	6	2670
372	14505	10582	11	3793
373	2019	1691	0	218
374	238	0	0	220
375	255	0	0	236
376	234	0	0	216
377	283	60	0	206
378	339	112	1	208
379	243	0	0	224
380	506	276	0	211
381	233	0	0	215
382	234	0	0	216
383	230	0	1	211
384	216	0	0	204
385	244	0	0	226
386	238	0	1	220
387	234	0	0	217
388	269	38	0	213
389	236	0	1	215
390	231	0	0	213
391	241	0	0	222
392	241	0	0	223
393	237	0	0	220
394	225	0	0	208
395	256	37	0	206
396	346	114	0	214
397	241	0	0	222
398	248	0	0	224
399	246	0	0	226
400	241	0	1	222
401	234	0	0	217
402	228	0	0	211
403	234	13	0	205
404	505	270	0	217
405	230	0	1	211
406	231	0	0	213
407	240	0	0	221
408	232	0	0	213
409	236	0	0	219
410	240	0	0	223
411	221	0	0	205
412	495	254	0	224
413	229	0	0	211
414	232	0	1	213
415	242	0	0	224
416	247	0	0	229
417	231	0	0	218
418	242	0	0	223
419	251	0	0	233
420	423	193	0	212
421	228	0	0	210
422	226	0	0	208
423	260	25	0	216
424	236	0	0	218
425	233	0	0	214
426	232	0	0	213
427	224	0	0	208
428	237	0	0	219
429	239	0	0	220
430	239	0	0	220
431	229	0	1	211
432	229	0	0	212
433	251	0	0	232
434	239	0	0	220
435	252	0	0	233
436	595	376	0	201
437	236	0	0	218
438	248	0	1	229
439	231	0	0	213
440	240	0	0	221
441	234	0	0	217
442	248	0	0	230
443	220	0	1	207
444	240	0	0	222
445	228	0	0	211
446	243	0	1	224
447	239	0	0	220
448	233	0	1	215
449	246	0	0	229
450	230	0	0	212
451	239	0	0	223
452	239	0	0	222
453	251	0	0	232
454	235	0	0	216
455	258	0	0	239
456	233	0	0	215
457	227	0	0	211
458	232	0	0	214
459	233	0	0	216
460	337	118	0	209
461	234	0	0	216
462	234	0	0	216
463	230	0	0	212
464	235	0	0	216
465	228	0	0	210
466	253	30	0	204
467	245	0	0	228
468	473	240	0	216
469	237	0	0	218
470	235	0	0	217
471	232	0	0	215
472	240	0	0	222
473	245	0	0	227
474	234	0	0	216
475	242	0	0	223
476	330	93	0	228
477	254	0	0	236
478	237	0	0	218
479	247	0	0	227
480	237	0	0	219
481	239	0	1	221
482	239	0	0	219
483	232	0	0	214
484	405	168	0	213
485	237	0	0	219
486	239	0	0	220
487	232	0	0	214
488	239	0	0	220
489	242	0	0	223
490	234	0	1	217
491	233	0	0	215
492	433	207	0	209
493	235	0	0	217
494	370	132	0	219
495	236	0	0	217
496	245	0	0	226
497	242	0	0	225
498	227	0	0	210
499	239	0	0	221
500	260	43	1	206
501	232	0	0	214
502	232	0	0	214
503	235	0	0	212
504	235	0	0	216
505	243	0	0	226
506	220	0	0	210
507	229	0	0	210
508	533	307	0	209
509	239	0	0	221
510	228	0	0	210
511	228	0	0	210
512	241	0	0	223
513	270	0	0	249
514	223	0	0	206
515	228	0	0	212
516	426	199	0	209
517	240	0	0	222
518	232	0	0	214
519	233	0	0	214
520	247	0	0	228
521	242	0	0	223
522	217	6	0	201
523	243	0	1	224
524	486	259	0	210
525	235	0	0	216
526	233	0	0	214
527	247	0	0	233
528	233	0	0	214
529	240	0	0	221
530	225	7	0	201
531	235	0	0	216
532	468	236	0	216
533	236	0	0	217
534	596	358	0	220
535	255	0	0	237
536	216	0	0	206
537	245	0	0	227
538	248	0	0	230
539	235	0	1	217
540	235	0	0	216
541	227	0	0	212
542	228	0	0	211
543	232	0	0	214
544	256	0	0	238
545	230	0	0	211
546	245	0	1	228
547	238	0	0	219
548	240	0	0	221
549	240	0	0	223
550	240	0	0	222
551	240	0	0	221
552	214	0	0	204
553	237	0	0	218
554	216	0	0	206
555	350	126	0	206
556	231	0	0	213
557	236	0	0	218
558	412	161	1	231
559	535	0	0	517
560	4050	0	6	4020
561	3702	0	4	3676
562	8641	6325	4	2162
563	6554	4348	6	2165
564	3036	0	1	3001
565	3290	0	2	3208
566	24144	21042	9	3050
567	4121	0	7	4042
568	3808	0	2	3776
569	5180	4205	5	954
570	307	82	0	208
571	296	74	0	204
572	236	0	0	219
573	230	0	0	212
574	265	42	0	207
575	235	0	0	217
576	235	0	0	217
577	235	0	0	210
578	232	0	0	215
579	355	134	0	205
580	234	0	0	215
581	233	0	0	216
582	382	134	0	230
583	236	0	0	216
584	238	0	1	219
585	234	0	0	216
586	237	0	0	219
587	286	66	0	208
588	248	17	0	212
589	227	0	0	209
590	234	0	0	215
591	247	0	0	227
592	240	0	0	222
593	229	0	1	210
594	230	0	0	205
595	430	203	0	210
596	513	284	0	210
597	250	0	0	232
598	244	0	0	226
599	235	0	1	217
600	232	0	0	215
